Date,IOC_Type,IOC,Description
2026-08-24,email address,alstine@cnetnetworks.jp,phishing/malware campaign using geofencing
2026-08-24,email address,ardra@frontier-institute.com,phishing/malware campaign using geofencing
2026-08-24,email address,bharti@jin-chan.xyz,phishing/malware campaign using geofencing
2026-08-24,email address,chere@yorozulike.com,phishing/malware campaign using geofencing
2026-08-24,email address,daile@docorporation21.net,phishing/malware campaign using geofencing
2026-08-24,email address,fancy@kurashimen.jp,phishing/malware campaign using geofencing
2026-08-24,email address,irene@2489.co.jp,phishing/malware campaign using geofencing
2026-08-24,email address,kambiz@nagoya2023.com,phishing/malware campaign using geofencing
2026-08-24,email address,lili@k-kotanidc.com,phishing/malware campaign using geofencing
2026-08-24,email address,minta@nonnon687.com,phishing/malware campaign using geofencing
2026-08-24,email address,noemi@souko.co.jp,phishing/malware campaign using geofencing
2026-08-24,email address,reeba@daibaru.com,phishing/malware campaign using geofencing
2026-08-24,email address,vmbackup@lifecap.jp,phishing/malware campaign using geofencing
2026-08-24,email address,willem@tkglobaljp.com,phishing/malware campaign using geofencing
2026-08-24,email address,yahir@le-pain.jp,phishing/malware campaign using geofencing
2026-08-24,email address,yasmeen@kanazawasaryo.jp,phishing/malware campaign using geofencing
2026-08-24,url,https://abilityid.jjiebj.info/3EcKin4,phishing/malware campaign using geofencing
2026-08-24,url,https://abilityid.jjiebj.info/stream/live,phishing/malware campaign using geofencing
2026-08-24,url,https://addressy.jkwezog.info/3EcKin4,phishing/malware campaign using geofencing
2026-08-24,url,https://americanwise.ttltxe.info/eD9490/index,phishing/malware campaign using geofencing
2026-08-24,url,https://americanwise.ttltxe.info/stream/live,phishing/malware campaign using geofencing
2026-08-24,url,https://amphesque.4ess2h.info/3EcKin4,phishing/malware campaign using geofencing
2026-08-24,url,https://apertist.z55oke.info/3EcKin4,phishing/malware campaign using geofencing
2026-08-24,url,https://appearia.hkgqki.info/3EcKin4,phishing/malware campaign using geofencing
2026-08-24,url,https://baseaire.2xq480.info/3EcKin4,phishing/malware campaign using geofencing
2026-08-24,url,https://beatofferitive.x9cnay.info/3EcKin4,phishing/malware campaign using geofencing
2026-08-24,url,https://bothance.tchf7l.info/3EcKin4,phishing/malware campaign using geofencing
2026-08-24,url,https://brevfier.qxdybji.info/3EcKin4,phishing/malware campaign using geofencing
2026-08-24,url,https://choreofic.weiwv7.info/3EcKin4,phishing/malware campaign using geofencing
2026-08-24,url,https://clad.zzyssllh.cn/eD9490/index,phishing/malware campaign using geofencing
2026-08-24,url,https://crurful.ddooase.info/eD9490/index,phishing/malware campaign using geofencing
2026-08-24,url,https://dexidom.udcbdw.info/3EcKin4,phishing/malware campaign using geofencing
2026-08-24,url,https://dominaster.14lnlb.info/3EcKin4,phishing/malware campaign using geofencing
2026-08-24,url,https://earlyance.ptyom2.info/3EcKin4,phishing/malware campaign using geofencing
2026-08-24,url,https://energyth.kvyykww.info/eD9490/index,phishing/malware campaign using geofencing
2026-08-24,url,https://figure.7gcoy2.info/3EcKin4,phishing/malware campaign using geofencing
2026-08-24,url,https://firmtrainingatic.hcjhqw.info/3EcKin4,phishing/malware campaign using geofencing
2026-08-24,url,https://flictize.opf416.info/3EcKin4,phishing/malware campaign using geofencing
2026-08-24,url,https://genarsure.iv2x4u.info/3EcKin4,phishing/malware campaign using geofencing
2026-08-24,url,https://hadrous.6f8eua.info/eD9490/index,phishing/malware campaign using geofencing
2026-08-24,url,https://haloal.jufffrc.info/3EcKin4,phishing/malware campaign using geofencing
2026-08-24,url,https://howacious.zq2u3g.info/3EcKin4,phishing/malware campaign using geofencing
2026-08-24,url,https://investment.pwmhsxi.info/3EcKin4,phishing/malware campaign using geofencing
2026-08-24,url,https://involveture.013nf7.info/eD9490/index,phishing/malware campaign using geofencing
2026-08-24,url,https://kudoant.ptikjvg.info/3EcKin4,phishing/malware campaign using geofencing
2026-08-24,url,https://macrarian.qvrvqk.info/3EcKin4,phishing/malware campaign using geofencing
2026-08-24,url,https://methodious.akjxjvh.info/eD9490/index,phishing/malware campaign using geofencing
2026-08-24,url,https://missionwise.komii8.info/3EcKin4,phishing/malware campaign using geofencing
2026-08-24,url,https://myrmecboyar.w2nyz4.info/3EcKin4,phishing/malware campaign using geofencing
2026-08-24,url,https://naissess.xjfllxa.cn/eD9490/index,phishing/malware campaign using geofencing
2026-08-24,url,https://omasth.thkpig.info/3EcKin4,phishing/malware campaign using geofencing
2026-08-24,url,https://ommrespondacity.tfdqqco.info/3EcKin4,phishing/malware campaign using geofencing
2026-08-24,url,https://pancreoose.zhoah3.info/eD9490/index,phishing/malware campaign using geofencing
2026-08-24,url,https://paraeverain.kvhgkjw.info/3EcKin4,phishing/malware campaign using geofencing
2026-08-24,url,https://pejororium.nkt9n3.info/3EcKin4,phishing/malware campaign using geofencing
2026-08-24,url,https://physible.mkihthx.info/eD9490/index,phishing/malware campaign using geofencing
2026-08-24,url,https://pinnary.betzbp.info/3EcKin4,phishing/malware campaign using geofencing
2026-08-24,url,https://pressard.6hfyvg.info/3EcKin4,phishing/malware campaign using geofencing
2026-08-24,url,https://primiite.nn1f13.info/3EcKin4,phishing/malware campaign using geofencing
2026-08-24,url,https://privateory.dmxtcj.info/3EcKin4,phishing/malware campaign using geofencing
2026-08-24,url,https://saccharistic.fepddcg.info/3EcKin4,phishing/malware campaign using geofencing
2026-08-24,url,https://sculpsure.hdq37v.info/3EcKin4,phishing/malware campaign using geofencing
2026-08-24,url,https://shakesure.c50tt4.info/eD9490/index,phishing/malware campaign using geofencing
2026-08-24,url,https://songetic.pcqwk2.info/3EcKin4,phishing/malware campaign using geofencing
2026-08-24,url,https://sororize.nigwdk.info/3EcKin4,phishing/malware campaign using geofencing
2026-08-24,url,https://stayeous.9qyuwd.info/3EcKin4,phishing/malware campaign using geofencing
2026-08-24,url,https://stichate.yzagmj.info/3EcKin4,phishing/malware campaign using geofencing
2026-08-24,url,https://stultiably.8eq8r4.info/3EcKin4,phishing/malware campaign using geofencing
2026-08-24,url,https://successy.xy3qot.info/3EcKin4,phishing/malware campaign using geofencing
2026-08-24,url,https://sucrory.nrlisy.info/eD9490/index,phishing/malware campaign using geofencing
2026-08-24,url,https://syringarian.eidtfhw.info/3EcKin4,phishing/malware campaign using geofencing
2026-08-24,url,https://teloade.ufmwxmx.info/3EcKin4,phishing/malware campaign using geofencing
2026-08-24,url,https://templally.f08rtw.info/3EcKin4,phishing/malware campaign using geofencing
2026-08-24,url,https://ucdroagtion.32xvf4.info/3EcKin4,phishing/malware campaign using geofencing
2026-08-24,url,https://ucdroagtion.ki7tsb.info/3EcKin4,phishing/malware campaign using geofencing
2026-08-24,url,https://ucdroagtion.v9ph8d.info/3EcKin4,phishing/malware campaign using geofencing
2026-08-24,url,https://ucthoator.6jzyi2.info/3EcKin4,phishing/malware campaign using geofencing
2026-08-24,url,https://ursteachation.rqcddco.info/3EcKin4,phishing/malware campaign using geofencing
2026-08-24,url,https://vicpoliticalast.43ii9d.info/3EcKin4,phishing/malware campaign using geofencing
2026-08-24,url,https://victlight.7wo6if.info/3EcKin4,phishing/malware campaign using geofencing
2026-08-24,url,https://viewaceous.j2fa2v.info/eD9490/index,phishing/malware campaign using geofencing
2026-08-24,url,https://vironmentster.xoamyc.info/eD9490/index,phishing/malware campaign using geofencing
2026-08-24,url,https://washulde.28y3md.info/3EcKin4,phishing/malware campaign using geofencing
2026-08-24,url,https://wayacity.hunwmi.info/3EcKin4,phishing/malware campaign using geofencing
2026-08-30,email address,alyssia@inugamarui.com,phishing/malware campaign using headers fencing
2026-08-30,email address,beck@wpsite.pro,phishing/malware campaign using headers fencing
2026-08-30,email address,chiara@bioji-search.com,phishing/malware campaign using headers fencing
2026-08-30,email address,ilda@kinoshita-clinic.info,phishing/malware campaign using headers fencing
2026-08-30,email address,mail.saisoncard@jdgegiux.info,phishing/malware campaign using social engineering
2026-08-30,email address,mail.saisoncard@mmklkwi.info,phishing/malware campaign using social engineering
2026-08-30,email address,rafiq@marumitsu.co.jp,phishing/malware campaign using headers fencing
2026-08-30,email address,shigeru@poyaryman.com,phishing/malware campaign using headers fencing
2026-08-30,email address,vance@re-beuty-life.com,phishing/malware campaign using headers fencing
2026-08-30,url,https://asoiaksonc.zdytqb.info/H80AoO,phishing/malware campaign using social engineering
2026-08-30,url,https://asoiaksonc.zdytqb.info/stream/live,phishing/malware campaign using social engineering
2026-08-30,url,https://asoialsonc.mbudfb.info/H80AoO,phishing/malware campaign using social engineering
2026-08-30,url,https://asoiaosonc.myvsiw.info/H80AoO,phishing/malware campaign using social engineering
2026-08-30,url,https://asoiarsoenc.hssjvhg.info/H80AoO,phishing/malware campaign using social engineering
2026-08-30,url,https://asoiasojnc.fykiqk.info/H80AoO,phishing/malware campaign using social engineering
2026-08-30,url,https://asoiasonc.bdjxnasj.info/H80AoO,phishing/malware campaign using social engineering
2026-08-30,url,https://asoiasonc.bzqztvx.info/H80AoO,phishing/malware campaign using social engineering
2026-08-30,url,https://asoiasonc.xeduvt.info/H80AoO,phishing/malware campaign using social engineering
2026-08-30,url,https://asoiasondc.ibxga.info/H80AoO,phishing/malware campaign using social engineering
2026-08-30,url,https://asoiasownc.olxwvwv.info/H80AoO,phishing/malware campaign using social engineering
2026-08-30,url,https://asoiastonc.nrgzae.info/H80AoO,phishing/malware campaign using social engineering
2026-08-30,url,https://asoiasvonc.dscgbu.info/H80AoO,phishing/malware campaign using social engineering
2026-08-30,url,https://asoiasyonc.bdjxkicm.info/H80AoO,phishing/malware campaign using social engineering
2026-08-30,url,https://asoiiasonc.bdjxokex.info/H80AoO,phishing/malware campaign using social engineering
2026-08-30,url,https://asoionc.bdjxpbub.info/H80AoO,phishing/malware campaign using social engineering
2026-08-30,url,https://blueress.zdmeevv.info/H80AoO,phishing/malware campaign using social engineering
2026-08-30,url,https://boardress.gpzuxj.info/H80AoO,phishing/malware campaign using social engineering
2026-08-30,url,https://bornage.spasdbd.info/H80AoO,phishing/malware campaign using social engineering
2026-08-30,url,https://canrsa.31thbi.info/H80AoO,phishing/malware campaign using social engineering
2026-08-30,url,https://capit.surltx.cn/eD9490/index,phishing/malware campaign using headers fencing
2026-08-30,url,https://clad.zzyssllh.cn/eD9490/index,phishing/malware campaign using headers fencing
2026-08-30,url,https://clad.zzyssllh.cn/stream/live,phishing/malware campaign using headers fencing
2026-08-30,url,https://classwise.xuffe.info/H80AoO,phishing/malware campaign using social engineering
2026-08-30,url,https://clinocall.okxybw.info/H80AoO,phishing/malware campaign using social engineering
2026-08-30,url,https://create.athoen.info/H80AoO,phishing/malware campaign using social engineering
2026-08-30,url,https://crurful.ddooase.info/eD9490/index,phishing/malware campaign using headers fencing
2026-08-30,url,https://cylindproject.ybohhzz.cn/eD9490/index,phishing/malware campaign using headers fencing
2026-08-30,url,https://financialate.fij5fu.info/H80AoO,phishing/malware campaign using social engineering
2026-08-30,url,https://floorence.gzsezxq.cn/eD9490/index,phishing/malware campaign using headers fencing
2026-08-30,url,https://functial.ufyfjo.info/H80AoO,phishing/malware campaign using social engineering
2026-08-30,url,https://i2or.bngta.info/H80AoO,phishing/malware campaign using social engineering
2026-08-30,url,https://lubricality.hnbrar.info/H80AoO,phishing/malware campaign using social engineering
2026-08-30,url,https://maintainee.htoeiv.cn/eD9490/index,phishing/malware campaign using headers fencing
2026-08-30,url,https://middleie.dizmkvo.info/H80AoO,phishing/malware campaign using social engineering
2026-08-30,url,https://mortite.8ata02.info/H80AoO,phishing/malware campaign using social engineering
2026-08-30,url,https://naissess.xjfllxa.cn/eD9490/index,phishing/malware campaign using headers fencing
2026-08-30,url,https://partable.phshvq.cn/eD9490/index,phishing/malware campaign using headers fencing
2026-08-30,url,https://pneufearar.kiuhgfr.info/H80AoO,phishing/malware campaign using social engineering
2026-08-30,url,https://quartfication.wmsrdj.cn/eD9490/index,phishing/malware campaign using headers fencing
2026-08-30,url,https://rhigcrimelet.chktxw.info/H80AoO,phishing/malware campaign using social engineering
2026-08-30,url,https://sacoastlet.intfzz.info/H80AoO,phishing/malware campaign using social engineering
2026-08-30,url,https://sacoistlet.srdpoay.info/H80AoO,phishing/malware campaign using social engineering
2026-08-30,url,https://saconstlet.hmejnq.info/H80AoO,phishing/malware campaign using social engineering
2026-08-30,url,https://sacoostlet.ywvhtrc.info/H80AoO,phishing/malware campaign using social engineering
2026-08-30,url,https://sacorstlet.krxtju.info/H80AoO,phishing/malware campaign using social engineering
2026-08-30,url,https://sacosbtlet.eimrncv.info/H80AoO,phishing/malware campaign using social engineering
2026-08-30,url,https://sacoscztlet.xirjepx.info/H80AoO,phishing/malware campaign using social engineering
2026-08-30,url,https://sacostelet.hjbyxo.info/H80AoO,phishing/malware campaign using social engineering
2026-08-30,url,https://sacoustlet.vtrrdpb.info/H80AoO,phishing/malware campaign using social engineering
2026-08-30,url,https://sacoyrstlet.cdrzkvn.info/H80AoO,phishing/malware campaign using social engineering
2026-08-30,url,https://sacpostlet.xiiuhsr.info/H80AoO,phishing/malware campaign using social engineering
2026-08-30,url,https://sacstlet.mtrnskc.info/H80AoO,phishing/malware campaign using social engineering
2026-08-30,url,https://sactostlet.wtfedco.info/H80AoO,phishing/malware campaign using social engineering
2026-08-30,url,https://saissodbn202607oint.2pdwpd.info/H80AoO,phishing/malware campaign using social engineering
2026-08-30,url,https://saissodbn202607oint.j6ahnk.info/H80AoO,phishing/malware campaign using social engineering
2026-08-30,url,https://saissodbn202607oint.u0fnd.info/H80AoO,phishing/malware campaign using social engineering
2026-08-30,url,https://sancice.eyewyu.cn/eD9490/index,phishing/malware campaign using headers fencing
2026-08-30,url,https://saofundful.7mgpze.info/H80AoO,phishing/malware campaign using social engineering
2026-08-30,url,https://sasd2s.y13e97.info/H80AoO,phishing/malware campaign using social engineering
2026-08-30,url,https://sawcostlet.mrstbye.info/H80AoO,phishing/malware campaign using social engineering
2026-08-30,url,https://secbond.krogk6.info/H80AoO,phishing/malware campaign using social engineering
2026-08-30,url,https://seccond.cinm32.info/H80AoO,phishing/malware campaign using social engineering
2026-08-30,url,https://secmond.h35j83.info/H80AoO,phishing/malware campaign using social engineering
2026-08-30,url,https://secobnd.wp1xbd.info/H80AoO,phishing/malware campaign using social engineering
2026-08-30,url,https://secolnd.o2vhu6.info/H80AoO,phishing/malware campaign using social engineering
2026-08-30,url,https://second.ughf5v.info/H80AoO,phishing/malware campaign using social engineering
2026-08-30,url,https://secovnd.xvbks7.info/H80AoO,phishing/malware campaign using social engineering
2026-08-30,url,https://secoxnd.kt07ym.info/H80AoO,phishing/malware campaign using social engineering
2026-08-30,url,https://seczond.f26q1r.info/H80AoO,phishing/malware campaign using social engineering
2026-08-30,url,https://sonobot.latermost.fiyws.info/H80AoO,phishing/malware campaign using social engineering
2026-08-30,url,https://sonpros.jtqmbr.info/H80AoO,phishing/malware campaign using social engineering
2026-08-30,url,https://sonson.hzasnoz.info/H80AoO,phishing/malware campaign using social engineering
2026-08-30,url,https://sontempt.hwvrxt.info/H80AoO,phishing/malware campaign using social engineering
2026-08-30,url,https://sontich.fufdwef.info/H80AoO,phishing/malware campaign using social engineering
2026-08-30,url,https://sontruor.drrhuk.info/H80AoO,phishing/malware campaign using social engineering
2026-08-30,url,https://splanctimage.wijfawd.info/H80AoO,phishing/malware campaign using social engineering
2026-08-30,url,https://stanni3or.iuiva.info/H80AoO,phishing/malware campaign using social engineering
2026-08-30,url,https://stanni4or.anwqgi.info/H80AoO,phishing/malware campaign using social engineering
2026-08-30,url,https://stanni8or.bdjxxfte.info/H80AoO,phishing/malware campaign using social engineering
2026-08-30,url,https://stinguator.yiwqwyj.info/H80AoO,phishing/malware campaign using social engineering
2026-08-30,url,https://studmeetacle.vkbbwrm.info/H80AoO,phishing/malware campaign using social engineering
2026-08-30,url,https://sucrory.nrlisy.info/eD9490/index,phishing/malware campaign using headers fencing
2026-08-30,url,https://ternson.pkkik.info/H80AoO,phishing/malware campaign using social engineering
2026-08-30,url,https://ungulage.yvu43c.info/H80AoO,phishing/malware campaign using social engineering
2026-08-30,url,https://vironmentster.xoamyc.info/eD9490/index,phishing/malware campaign using headers fencing
2026-08-31,domain,app.appxmtcan0h2tfbfy7k9kn8hbxb6dmzz1zh0.mca,phishing/malware campaign using curl
2026-08-31,domain,audio.mojom.audioservice,phishing/malware campaign using curl
2026-08-31,domain,cedarfrontier.top,remcos malware distribution via javascript
2026-08-31,domain,copperreliquary.info,remcos malware distribution via javascript
2026-08-31,domain,crystalforgeway.top,remcos malware distribution via javascript
2026-08-31,domain,cygnetrampart.top,remcos malware distribution via javascript
2026-08-31,domain,flintazimuth.top,remcos malware distribution via javascript
2026-08-31,domain,frozenorbit.top,remcos malware distribution via javascript
2026-08-31,domain,guiglen.sbs,phishing/malware campaign using curl
2026-08-31,domain,hazelcolonnade.net,remcos malware distribution via javascript
2026-08-31,domain,hiddenframezone.top,remcos malware distribution via javascript
2026-08-31,domain,hornbeamcairn.top,remcos malware distribution via javascript
2026-08-31,domain,indigocrest.top,remcos malware distribution via javascript
2026-08-31,domain,ivoryharvest.top,remcos malware distribution via javascript
2026-08-31,domain,ivyprologue.top,remcos malware distribution via javascript
2026-08-31,domain,laurelcloister.top,remcos malware distribution via javascript
2026-08-31,domain,lindenplumb.top,remcos malware distribution via javascript
2026-08-31,domain,linenharvest.top,remcos malware distribution via javascript
2026-08-31,domain,loggiaelm.top,remcos malware distribution via javascript
2026-08-31,domain,network.mojom.networkservice,phishing/malware campaign using curl
2026-08-31,domain,novacupola.top,remcos malware distribution via javascript
2026-08-31,domain,olivenarthex.top,remcos malware distribution via javascript
2026-08-31,domain,pergolamimosa.top,remcos malware distribution via javascript
2026-08-31,domain,poplarmemoir.top,remcos malware distribution via javascript
2026-08-31,domain,portwinejoke.icu,remcos malware distribution via javascript
2026-08-31,domain,privetbelvedere.net,remcos malware distribution via javascript
2026-08-31,domain,rowanportico.global,remcos malware distribution via javascript
2026-08-31,domain,saffronjunction.top,remcos malware distribution via javascript
2026-08-31,domain,silenttunnelzone.top,remcos malware distribution via javascript
2026-08-31,domain,silverlandscape.top,remcos malware distribution via javascript
2026-08-31,domain,slatebeacon.top,remcos malware distribution via javascript
2026-08-31,domain,ssafiles.help,phishing/malware campaign using executable
2026-08-31,domain,stoneharvest.top,remcos malware distribution via javascript
2026-08-31,domain,sycamoreitinerary.co,remcos malware distribution via javascript
2026-08-31,domain,tamarisknave.co,remcos malware distribution via javascript
2026-08-31,domain,terracesaga.top,remcos malware distribution via javascript
2026-08-31,domain,umbergalleon.top,remcos malware distribution via javascript
2026-08-31,domain,velvetcrossing.top,remcos malware distribution via javascript
2026-08-31,domain,viaductanthology.top,remcos malware distribution via javascript
2026-08-31,domain,whiteharvest.top,remcos malware distribution via javascript
2026-08-31,domain,willowgazette.top,remcos malware distribution via javascript
2026-08-31,domain,yarrowalcove.net,remcos malware distribution via javascript
2026-08-31,email address,no.reply@mail.ssa-admin.help,phishing/malware campaign using executable
2026-08-31,email address,reply@mail.ssa-admin.help,phishing/malware campaign using executable
2026-08-31,hash,05dedf1936a065612e52c37e40143646,phishing/malware campaign using curl
2026-08-31,hash,08921463b8543b10d742ddf07f8fb4e8,phishing/malware campaign using executable
2026-08-31,hash,227f63e1d9008b36bdbcc4b397780be4,phishing/malware campaign using curl
2026-08-31,hash,3596dc15b6f6cbbb6ec8b143cbd57f24,phishing/malware campaign using curl
2026-08-31,hash,3cf958b0f63fb1d74f7fcfe14b039a58,phishing/malware campaign using curl
2026-08-31,hash,7b10d34e44422b01d2e1bee0ff35b2448c53150623bd88e69f6f6c4c2a408a93,phishing/malware campaign using executable
2026-08-31,hash,804a6ae28e88689e0cf1946a6cb3fee5,phishing/malware campaign using curl
2026-08-31,hash,86191d9e0e30631db3e78e4645804358,phishing/malware campaign using curl
2026-08-31,hash,8a2122e8162dbef04694b9c3e0b6cdee,phishing/malware campaign using curl
2026-08-31,hash,9ce34baba95d7dbde513f8b1da44195b31bba5fa416aa450275afa52f12f506a,phishing/malware campaign using executable
2026-08-31,hash,a02fe424ec35ca0cb387e7a2c0efcff0,phishing/malware campaign using curl
2026-08-31,hash,a47cbe969ea935bdd3ab568bb126bc80,phishing/malware campaign using curl
2026-08-31,hash,da7063b17dbb8bbb3015351016868006,phishing/malware campaign using curl
2026-08-31,hash,dbe43c1d0092437b88cff7bd9abc336c,phishing/malware campaign using curl
2026-08-31,hash,f595d32ef35796530782297b1c9f9c64e523bc98,phishing/malware campaign using executable
2026-08-31,ip address,103.50.161.246,remcos malware distribution via javascript
2026-08-31,ip address,178.156.128.5,remcos malware distribution via javascript
2026-08-31,ip address,178.156.193.122,remcos malware distribution via javascript
2026-08-31,ip address,178.156.212.165,remcos malware distribution via javascript
2026-08-31,ip address,178.156.244.211,remcos malware distribution via javascript
2026-08-31,ip address,5.161.248.121,remcos malware distribution via javascript
2026-08-31,ip address,5.161.66.73,remcos malware distribution via javascript
2026-08-31,url,http://faithfreedomreport.com,phishing/malware campaign using curl
2026-08-31,url,https://ahmm.ca/d.js,remcos malware distribution via javascript
2026-08-31,url,https://api-ca-1.lavawall.com/go/,phishing/malware campaign using executable
2026-08-31,url,https://apiflow7067.com/agent/v2/beacon,phishing/malware campaign using curl
2026-08-31,url,https://apiflow7067.com/agent/v2/handshake,phishing/malware campaign using curl
2026-08-31,url,https://apiflow7067.com/agent/v2/result,phishing/malware campaign using curl
2026-08-31,url,https://apiflow7067.com/agent/v2/task-ack,phishing/malware campaign using curl
2026-08-31,url,https://apiflow7067.com/b?t=SPaqfZCN,phishing/malware campaign using curl
2026-08-31,url,https://apiflow7067.com/b?t=SPaqfZCN|,phishing/malware campaign using curl
2026-08-31,url,https://apiflow7067.com/ue?dl=1&s=0,phishing/malware campaign using curl
2026-08-31,url,https://apiflow7067.com/ue?t=SPaqfZCN,phishing/malware campaign using curl
2026-08-31,url,https://copperreliquary.info/version/secure-json.js,remcos malware distribution via javascript
2026-08-31,url,https://cpajoliette.com/meta.google.com,remcos malware distribution via javascript
2026-08-31,url,https://cpajoliette.com/wp-content/x.js,remcos malware distribution via javascript
2026-08-31,url,https://crystalforgeway.top/role/role-view.js,remcos malware distribution via javascript
2026-08-31,url,https://cygnetrampart.top/policy/oauth-validator.js,remcos malware distribution via javascript
2026-08-31,url,https://flintazimuth.top/private/captcha.js?18c66bd00ce549c2,remcos malware distribution via javascript
2026-08-31,url,https://flintazimuth.top/private/session-util.js,remcos malware distribution via javascript
2026-08-31,url,https://frozenorbit.top/audit/secure-response.js,remcos malware distribution via javascript
2026-08-31,url,https://hazelcolonnade.net/handler/status-hook.js,remcos malware distribution via javascript
2026-08-31,url,https://hornbeamcairn.top/endpoint/handler-stylesheet.js,remcos malware distribution via javascript
2026-08-31,url,https://hrrrison.sbs/cvljsm2r.js,phishing/malware campaign using curl
2026-08-31,url,https://ibharcan.com/meta.google.com,remcos malware distribution via javascript
2026-08-31,url,https://indigocrest.top/middleware/proxy-asset?pzXD8JWk,remcos malware distribution via javascript
2026-08-31,url,https://indigocrest.top/middleware/scope-runtime.js,remcos malware distribution via javascript
2026-08-31,url,https://ivyprologue.top/legacy/identity-build,remcos malware distribution via javascript
2026-08-31,url,https://ivyprologue.top/legacy/throttle-theme.js,remcos malware distribution via javascript
2026-08-31,url,https://laurelcloister.top/role/handler-deploy,remcos malware distribution via javascript
2026-08-31,url,https://laurelcloister.top/role/logout-header.js,remcos malware distribution via javascript
2026-08-31,url,https://laurelcloister.top/role/rate-layout.js,remcos malware distribution via javascript
2026-08-31,url,https://lindenplumb.top/user/health-effect.js,remcos malware distribution via javascript
2026-08-31,url,https://linenharvest.top/health/router-component.js,remcos malware distribution via javascript
2026-08-31,url,https://loggiaelm.top/realm/reset-response.js,remcos malware distribution via javascript
2026-08-31,url,https://mezcalpro.com/scq,remcos malware distribution via javascript
2026-08-31,url,https://microjob1593.com/agent/v2/beacon,phishing/malware campaign using curl
2026-08-31,url,https://novacupola.top/role/handler-deploy,remcos malware distribution via javascript
2026-08-31,url,https://novacupola.top/role/logout-header.js,remcos malware distribution via javascript
2026-08-31,url,https://novacupola.top/role/rate-layout.js,remcos malware distribution via javascript
2026-08-31,url,https://olivenarthex.top/middleware/api-script.js,remcos malware distribution via javascript
2026-08-31,url,https://olivenarthex.top/middleware/tenant-partial.js,remcos malware distribution via javascript
2026-08-31,url,https://poplarmemoir.top/api/status-component.js,remcos malware distribution via javascript
2026-08-31,url,https://privetbelvedere.net/proxy/legacy-thread.js,remcos malware distribution via javascript
2026-08-31,url,https://rapidcanvas.top/signin/secure-util.js,remcos malware distribution via javascript
2026-08-31,url,https://rowanportico.global/identity/realm-xml.js,remcos malware distribution via javascript
2026-08-31,url,https://silenttunnelzone.top/token/handler-theme.js?90991c7a29dea756bb,remcos malware distribution via javascript
2026-08-31,url,https://silenttunnelzone.top/token/identity-compiler.php?4aGnHRQC,remcos malware distribution via javascript
2026-08-31,url,https://silenttunnelzone.top/token/token-controller.js,remcos malware distribution via javascript
2026-08-31,url,https://silverlandscape.top/claims/refresh-cookie.js,remcos malware distribution via javascript
2026-08-31,url,https://slatebeacon.top/legacy/identity-build,remcos malware distribution via javascript
2026-08-31,url,https://slatebeacon.top/legacy/throttle-theme.js,remcos malware distribution via javascript
2026-08-31,url,https://ssafiles.help/,phishing/malware campaign using executable
2026-08-31,url,https://ssafiles.help/adobe/AdobeReaderInstaller.exe,phishing/malware campaign using executable
2026-08-31,url,https://stoneharvest.top/endpoint/refresh-runtime.js,remcos malware distribution via javascript
2026-08-31,url,https://swewart.sbs/1yvbib6h.js,phishing/malware campaign using curl
2026-08-31,url,https://sycamoreitinerary.co/status/beta-response.js,remcos malware distribution via javascript
2026-08-31,url,https://tamarisknave.co/logout/oauth-schema.js,remcos malware distribution via javascript
2026-08-31,url,https://terracesaga.top/middleware/api-script.js,remcos malware distribution via javascript
2026-08-31,url,https://thesnackbee.com/d.js,remcos malware distribution via javascript
2026-08-31,url,https://tria.ge/260831-wskpmahh63/behavioral1,phishing/malware campaign using executable
2026-08-31,url,https://umbergalleon.top/status/alias-build.js,remcos malware distribution via javascript
2026-08-31,url,https://viaductanthology.top/middleware/scope-runtime.js,remcos malware distribution via javascript
2026-08-31,url,https://whiteharvest.top/token/token-controller.js,remcos malware distribution via javascript
2026-08-31,url,https://willowgazette.top/callback/beta-ajax.js,remcos malware distribution via javascript
2026-08-31,url,https://yarrowalcove.net/session/login-template.js,remcos malware distribution via javascript
2026-08-31,url,https://yelahaye.surf/2uskhr6s.js,phishing/malware campaign using curl
2026-09-01,email address,aeriell@copeten.net,phishing/malware campaign using social engineering
2026-09-01,email address,alan@booking-by.net,phishing/malware campaign using social engineering
2026-09-01,email address,alisha@osaka-rc.org,phishing/malware campaign using social engineering
2026-09-01,email address,alys@debuet-plus.com,phishing/malware campaign using social engineering
2026-09-01,email address,amalea@asuka-fukuhara.com,phishing/malware campaign using social engineering
2026-09-01,email address,brogan@nanoegg.co.jp,phishing/malware campaign using social engineering
2026-09-01,email address,ethelin@k-rh.com,phishing/malware campaign using social engineering
2026-09-01,email address,franza@aizufan.com,phishing/malware campaign using social engineering
2026-09-01,email address,jack@motusauth.com,phishing/malware campaign using telegram
2026-09-01,email address,jack@motusdatabase.com,phishing/malware campaign using telegram
2026-09-01,email address,jack@motusdatareview.com,phishing/malware campaign using telegram
2026-09-01,email address,jack@motusentry.com,phishing/malware campaign using telegram
2026-09-01,email address,jack@motusllcdata.com,phishing/malware campaign using telegram
2026-09-01,email address,jack@motusllcdesk.com,phishing/malware campaign using telegram
2026-09-01,email address,jack@motusllcdirect.com,phishing/malware campaign using telegram
2026-09-01,email address,jack@motusllcrecord.com,phishing/malware campaign using telegram
2026-09-01,email address,jack@motusllcupdate.com,phishing/malware campaign using telegram
2026-09-01,email address,jack@motusmember.com,phishing/malware campaign using telegram
2026-09-01,email address,jack@motusorigin.com,phishing/malware campaign using telegram
2026-09-01,email address,jack@motusprocesses.com,phishing/malware campaign using telegram
2026-09-01,email address,jack@motusprocessing.com,phishing/malware campaign using telegram
2026-09-01,email address,jack@motususer.com,phishing/malware campaign using telegram
2026-09-01,email address,jack@motususerboard.com,phishing/malware campaign using telegram
2026-09-01,email address,jack@motususerdeck.com,phishing/malware campaign using telegram
2026-09-01,email address,jack@motususerdesk.com,phishing/malware campaign using telegram
2026-09-01,email address,jack@motususers.com,phishing/malware campaign using telegram
2026-09-01,email address,jack@motuswebdata.com,phishing/malware campaign using telegram
2026-09-01,email address,jack@motuswebservice.com,phishing/malware campaign using telegram
2026-09-01,url,https://abilityid.jjiebj.info/3EcKin4,phishing/malware campaign using social engineering
2026-09-01,url,https://abilityid.jjiebj.info/stream/live,phishing/malware campaign using social engineering
2026-09-01,url,https://addressy.jkwezog.info/3EcKin4,phishing/malware campaign using social engineering
2026-09-01,url,https://appearia.hkgqki.info/3EcKin4,phishing/malware campaign using social engineering
2026-09-01,url,https://bothance.tchf7l.info/3EcKin4,phishing/malware campaign using social engineering
2026-09-01,url,https://brevfier.qxdybji.info/3EcKin4,phishing/malware campaign using social engineering
2026-09-01,url,https://choreofic.weiwv7.info/3EcKin4,phishing/malware campaign using social engineering
2026-09-01,url,https://dexidom.udcbdw.info/3EcKin4,phishing/malware campaign using social engineering
2026-09-01,url,https://dominaster.14lnlb.info/3EcKin4,phishing/malware campaign using social engineering
2026-09-01,url,https://dot.motusauth.com/,phishing/malware campaign using telegram
2026-09-01,url,https://dot.motusdatabase.com/,phishing/malware campaign using telegram
2026-09-01,url,https://dot.motusdatareview.com/,phishing/malware campaign using telegram
2026-09-01,url,https://dot.motusentry.com/,phishing/malware campaign using telegram
2026-09-01,url,https://dot.motusllcdata.com/,phishing/malware campaign using telegram
2026-09-01,url,https://dot.motusllcdesk.com/,phishing/malware campaign using telegram
2026-09-01,url,https://dot.motusllcdirect.com/,phishing/malware campaign using telegram
2026-09-01,url,https://dot.motusllcrecord.com/,phishing/malware campaign using telegram
2026-09-01,url,https://dot.motusllcupdate.com/,phishing/malware campaign using telegram
2026-09-01,url,https://dot.motusmember.com/,phishing/malware campaign using telegram
2026-09-01,url,https://dot.motusorigin.com/,phishing/malware campaign using telegram
2026-09-01,url,https://dot.motusprocesses.com/,phishing/malware campaign using telegram
2026-09-01,url,https://dot.motusprocessing.com/,phishing/malware campaign using telegram
2026-09-01,url,https://dot.motususer.com/,phishing/malware campaign using telegram
2026-09-01,url,https://dot.motususerboard.com/,phishing/malware campaign using telegram
2026-09-01,url,https://dot.motususerdeck.com/,phishing/malware campaign using telegram
2026-09-01,url,https://dot.motususerdesk.com/,phishing/malware campaign using telegram
2026-09-01,url,https://dot.motususers.com/,phishing/malware campaign using telegram
2026-09-01,url,https://dot.motuswebdata.com,phishing/malware campaign using telegram
2026-09-01,url,https://dot.motuswebdata.com/,phishing/malware campaign using telegram
2026-09-01,url,https://dot.motuswebservice.com/,phishing/malware campaign using telegram
2026-09-01,url,https://earlyance.ptyom2.info/3EcKin4,phishing/malware campaign using social engineering
2026-09-01,url,https://firmtrainingatic.hcjhqw.info/3EcKin4,phishing/malware campaign using social engineering
2026-09-01,url,https://flictize.opf416.info/3EcKin4,phishing/malware campaign using social engineering
2026-09-01,url,https://genarsure.iv2x4u.info/3EcKin4,phishing/malware campaign using social engineering
2026-09-01,url,https://haloal.jufffrc.info/3EcKin4,phishing/malware campaign using social engineering
2026-09-01,url,https://investment.pwmhsxi.info/3EcKin4,phishing/malware campaign using social engineering
2026-09-01,url,https://kudoant.ptikjvg.info/3EcKin4,phishing/malware campaign using social engineering
2026-09-01,url,https://macrarian.qvrvqk.info/3EcKin4,phishing/malware campaign using social engineering
2026-09-01,url,https://missionwise.komii8.info/3EcKin4,phishing/malware campaign using social engineering
2026-09-01,url,https://omasth.thkpig.info/3EcKin4,phishing/malware campaign using social engineering
2026-09-01,url,https://ommrespondacity.tfdqqco.info/3EcKin4,phishing/malware campaign using social engineering
2026-09-01,url,https://paraeverain.kvhgkjw.info/3EcKin4,phishing/malware campaign using social engineering
2026-09-01,url,https://pejororium.nkt9n3.info/3EcKin4,phishing/malware campaign using social engineering
2026-09-01,url,https://pinnary.betzbp.info/3EcKin4,phishing/malware campaign using social engineering
2026-09-01,url,https://primiite.nn1f13.info/3EcKin4,phishing/malware campaign using social engineering
2026-09-01,url,https://privateory.dmxtcj.info/3EcKin4,phishing/malware campaign using social engineering
2026-09-01,url,https://saccharistic.fepddcg.info/3EcKin4,phishing/malware campaign using social engineering
2026-09-01,url,https://sculpsure.hdq37v.info/3EcKin4,phishing/malware campaign using social engineering
2026-09-01,url,https://sororize.nigwdk.info/3EcKin4,phishing/malware campaign using social engineering
2026-09-01,url,https://stayeous.9qyuwd.info/3EcKin4,phishing/malware campaign using social engineering
2026-09-01,url,https://stichate.yzagmj.info/3EcKin4,phishing/malware campaign using social engineering
2026-09-01,url,https://syringarian.eidtfhw.info/3EcKin4,phishing/malware campaign using social engineering
2026-09-01,url,https://teloade.ufmwxmx.info/3EcKin4,phishing/malware campaign using social engineering
2026-09-01,url,https://ucdroagtion.32xvf4.info/3EcKin4,phishing/malware campaign using social engineering
2026-09-01,url,https://ursteachation.rqcddco.info/3EcKin4,phishing/malware campaign using social engineering
2026-09-01,url,https://vicpoliticalast.43ii9d.info/3EcKin4,phishing/malware campaign using social engineering
2026-09-01,url,https://washulde.28y3md.info/3EcKin4,phishing/malware campaign using social engineering
2026-09-01,url,https://wayacity.hunwmi.info/3EcKin4,phishing/malware campaign using social engineering
2026-09-06,domain,id.me,fleetdeck malware distribution via powershell
2026-09-06,email address,announcements@townscript.com,fleetdeck malware distribution via powershell
2026-09-06,email address,idme@service.me,fleetdeck malware distribution via powershell
2026-09-06,hash,3aaa411e1b07147244cc8c243aaf315540306215089088642ee88341e475b504,fleetdeck malware distribution via powershell
2026-09-06,hash,4addcacfc49de64ca0861f969b9d5296cf9b0eb32a0ae4541eaaac5730473e19,fleetdeck malware distribution via powershell
2026-09-06,hash,fed9b20e5315809fff7454f935d3e0e2,fleetdeck malware distribution via powershell
2026-09-06,url,https://ld-doc1099.me/id.me-document.exe,fleetdeck malware distribution via powershell
2026-09-07,domain,6jzyi2.info,phishing/malware campaign using headers fencing
2026-09-07,domain,audio.mojom.audioservice,phishing/malware campaign using curl
2026-09-07,domain,bacon-rumors.xyz,phishing/malware campaign using drive-by compromise
2026-09-07,domain,betzbp.info,phishing/malware campaign using headers fencing
2026-09-07,domain,cedarfrontier.top,remcos malware distribution via clickfix
2026-09-07,domain,cobaltwayfinder.org,remcos malware distribution via clickfix
2026-09-07,domain,copperreliquary.info,remcos malware distribution via clickfix
2026-09-07,domain,crimsonroundel.info,remcos malware distribution via clickfix
2026-09-07,domain,crystalforgeway.top,remcos malware distribution via clickfix
2026-09-07,domain,cygnetrampart.top,remcos malware distribution via clickfix
2026-09-07,domain,dmxtcj.info,phishing/malware campaign using headers fencing
2026-09-07,domain,eidtfhw.info,phishing/malware campaign using headers fencing
2026-09-07,domain,fepddcg.info,phishing/malware campaign using headers fencing
2026-09-07,domain,fg-analytics.biz,phishing/malware campaign using drive-by compromise
2026-09-07,domain,flintazimuth.top,remcos malware distribution via clickfix
2026-09-07,domain,frozenorbit.top,remcos malware distribution via clickfix
2026-09-07,domain,grant-member.pro,phishing/malware campaign using drive-by compromise
2026-09-07,domain,great-fade.sbs,phishing/malware campaign using drive-by compromise
2026-09-07,domain,hazelcolonnade.net,remcos malware distribution via clickfix
2026-09-07,domain,hcjhqw.info,phishing/malware campaign using headers fencing
2026-09-07,domain,hdq37v.info,phishing/malware campaign using headers fencing
2026-09-07,domain,hiddenframezone.top,remcos malware distribution via clickfix
2026-09-07,domain,hkgqki.info,phishing/malware campaign using headers fencing
2026-09-07,domain,honeysucklefolio.co,remcos malware distribution via clickfix
2026-09-07,domain,hornbeamcairn.top,remcos malware distribution via clickfix
2026-09-07,domain,indigocrest.top,remcos malware distribution via clickfix
2026-09-07,domain,ivoryharvest.top,remcos malware distribution via clickfix
2026-09-07,domain,ivyprologue.top,remcos malware distribution via clickfix
2026-09-07,domain,jjiebj.info,phishing/malware campaign using headers fencing
2026-09-07,domain,kvhgkjw.info,phishing/malware campaign using headers fencing
2026-09-07,domain,laurelcloister.top,remcos malware distribution via clickfix
2026-09-07,domain,lindenplumb.top,remcos malware distribution via clickfix
2026-09-07,domain,linenharvest.top,remcos malware distribution via clickfix
2026-09-07,domain,loggiaelm.top,remcos malware distribution via clickfix
2026-09-07,domain,mojom.ondevicemodelservice,phishing/malware campaign using curl
2026-09-07,domain,network.mojom.networkservice,phishing/malware campaign using curl
2026-09-07,domain,nigwdk.info,phishing/malware campaign using headers fencing
2026-09-07,domain,nkt9n3.info,phishing/malware campaign using headers fencing
2026-09-07,domain,novacupola.top,remcos malware distribution via clickfix
2026-09-07,domain,ocjipwlxi7kzxql.top,phishing/malware campaign using curl
2026-09-07,domain,olivenarthex.top,remcos malware distribution via clickfix
2026-09-07,domain,organizationname.tld,phishing/malware campaign using social engineering
2026-09-07,domain,pergolamimosa.top,remcos malware distribution via clickfix
2026-09-07,domain,poplarmemoir.top,remcos malware distribution via clickfix
2026-09-07,domain,portwinejoke.icu,remcos malware distribution via clickfix
2026-09-07,domain,privetbelvedere.net,remcos malware distribution via clickfix
2026-09-07,domain,ptyom2.info,phishing/malware campaign using headers fencing
2026-09-07,domain,pwmhsxi.info,phishing/malware campaign using headers fencing
2026-09-07,domain,qvrvqk.info,phishing/malware campaign using headers fencing
2026-09-07,domain,qxdybji.info,phishing/malware campaign using headers fencing
2026-09-07,domain,rowanportico.global,remcos malware distribution via clickfix
2026-09-07,domain,rqcddco.info,phishing/malware campaign using headers fencing
2026-09-07,domain,saffronjunction.top,remcos malware distribution via clickfix
2026-09-07,domain,silenttunnelzone.top,remcos malware distribution via clickfix
2026-09-07,domain,silverlandscape.top,remcos malware distribution via clickfix
2026-09-07,domain,slatebeacon.top,remcos malware distribution via clickfix
2026-09-07,domain,spindlewoodatlas.co,remcos malware distribution via clickfix
2026-09-07,domain,stoneharvest.top,remcos malware distribution via clickfix
2026-09-07,domain,sycamoreitinerary.co,remcos malware distribution via clickfix
2026-09-07,domain,tamarisknave.co,remcos malware distribution via clickfix
2026-09-07,domain,terracesaga.top,remcos malware distribution via clickfix
2026-09-07,domain,thkpig.info,phishing/malware campaign using headers fencing
2026-09-07,domain,udcbdw.info,phishing/malware campaign using headers fencing
2026-09-07,domain,ufmwxmx.info,phishing/malware campaign using headers fencing
2026-09-07,domain,umbergalleon.top,remcos malware distribution via clickfix
2026-09-07,domain,umbernarthex.org,remcos malware distribution via clickfix
2026-09-07,domain,vclimg280.bpl,phishing/malware campaign using curl
2026-09-07,domain,vclimg290.bpl,phishing/malware campaign using curl
2026-09-07,domain,vclimg370.bpl,phishing/malware campaign using curl
2026-09-07,domain,velvetcrossing.top,remcos malware distribution via clickfix
2026-09-07,domain,viaductanthology.top,remcos malware distribution via clickfix
2026-09-07,domain,whiteharvest.top,remcos malware distribution via clickfix
2026-09-07,domain,willowgazette.top,remcos malware distribution via clickfix
2026-09-07,domain,yarrowalcove.net,remcos malware distribution via clickfix
2026-09-07,domain,yzagmj.info,phishing/malware campaign using headers fencing
2026-09-07,domain,zifobe.top,phishing/malware campaign using social engineering
2026-09-07,email address,anje@tsukubasyokuhin.com,phishing/malware campaign using geofencing
2026-09-07,email address,blisse@decorgarden.jp,phishing/malware campaign using headers fencing
2026-09-07,email address,bnr@hirokazutanaka.com,phishing/malware campaign using geofencing
2026-09-07,email address,caydon@araidc.jp,phishing/malware campaign using geofencing
2026-09-07,email address,cfdifacturacion@avisosaspel.com.mx,grandoreiro malware distribution via iso
2026-09-07,email address,cobranzayfacturacion@avisosaspel.com.mx,grandoreiro malware distribution via iso
2026-09-07,email address,danilo@suzuya.co.jp,phishing/malware campaign using geofencing
2026-09-07,email address,ejecucionfiscal@avisosaspel.com.mx,grandoreiro malware distribution via iso
2026-09-07,email address,facturasporpagar@avisosaspel.com.mx,grandoreiro malware distribution via iso
2026-09-07,email address,financeiro@avisosaspel.com.mx,grandoreiro malware distribution via iso
2026-09-07,email address,han@office-spirits.jp,phishing/malware campaign using headers fencing
2026-09-07,email address,jeni@fukunoyomimono.com,phishing/malware campaign using headers fencing
2026-09-07,email address,joana@emuhair.jp,phishing/malware campaign using headers fencing
2026-09-07,email address,julien@mirainosato.com,phishing/malware campaign using geofencing
2026-09-07,email address,lanae@odo-hoikuen.com,phishing/malware campaign using headers fencing
2026-09-07,email address,leil@sapporo-snow-school.com,phishing/malware campaign using geofencing
2026-09-07,email address,margalit@program-beginners.com,phishing/malware campaign using headers fencing
2026-09-07,email address,reena@utcp.c.u-tokyo.ac.jp,phishing/malware campaign using geofencing
2026-09-07,email address,saison.mail@bskpyst.info,phishing/malware campaign using headers fencing
2026-09-07,email address,saison.mail@fefzon.info,phishing/malware campaign using headers fencing
2026-09-07,email address,saison.mail@fhlrhx.info,phishing/malware campaign using headers fencing
2026-09-07,email address,saison.mail@lygyvosa.info,phishing/malware campaign using headers fencing
2026-09-07,email address,saison.mail@mdnzhpn.info,phishing/malware campaign using headers fencing
2026-09-07,email address,saison.mail@mjzefybi.info,phishing/malware campaign using headers fencing
2026-09-07,email address,saison.mail@vzboevt.info,phishing/malware campaign using headers fencing
2026-09-07,email address,wendeline@jiheavenmessage.com,phishing/malware campaign using headers fencing
2026-09-07,email address,yonik@care.or.jp,phishing/malware campaign using headers fencing
2026-09-07,email address,zitella@st-haco.jp,phishing/malware campaign using geofencing
2026-09-07,hash,05dedf1936a065612e52c37e40143646,phishing/malware campaign using curl
2026-09-07,hash,227f63e1d9008b36bdbcc4b397780be4,phishing/malware campaign using curl
2026-09-07,hash,2cf56ad30086c98ac808cf95d571a807,phishing/malware campaign using curl
2026-09-07,hash,3cf958b0f63fb1d74f7fcfe14b039a58,phishing/malware campaign using curl
2026-09-07,hash,804a6ae28e88689e0cf1946a6cb3fee5,phishing/malware campaign using curl
2026-09-07,hash,86191d9e0e30631db3e78e4645804358,phishing/malware campaign using curl
2026-09-07,hash,8a2122e8162dbef04694b9c3e0b6cdee,phishing/malware campaign using curl
2026-09-07,hash,bcf01e61144d6d6325650134823198b8,phishing/malware campaign using curl
2026-09-07,hash,e70e6693b0091c25c89409fa124378bb,phishing/malware campaign using curl
2026-09-07,ip address,103.50.161.246,remcos malware distribution via clickfix
2026-09-07,ip address,178.156.128.5,remcos malware distribution via clickfix
2026-09-07,ip address,178.156.193.122,remcos malware distribution via clickfix
2026-09-07,ip address,178.156.212.165,remcos malware distribution via clickfix
2026-09-07,ip address,178.156.244.211,remcos malware distribution via clickfix
2026-09-07,ip address,43.160.253.172,phishing/malware campaign using headers fencing
2026-09-07,ip address,5.161.248.121,remcos malware distribution via clickfix
2026-09-07,ip address,5.161.66.73,remcos malware distribution via clickfix
2026-09-07,url,http://3.81.210.102:5808/ek5DOTVDQkQxQTJBNEY0OUNDMjc0REQ3MjZBQTRFOTNCQzA1MTUyODU4OENENTIwQkQyNEI1MzJCNURDMDA1QTg5RTI3QkUzMEExRjQ0QkVCQzAxNUVFNzBCNkQ5MkUyNTg5QkFFNDc4MjkxRDMxMTdGRTMwNzc0RUQ3RkU1MUI0Q0I3NUU5NkQ3MTE1QUJCNUM4M0UxNTE4M0NCNjRGQTJEOTRCNEExREU1MEE4QzUzRTQ2QUVEODcxRDcwMDc2OTZGMDEwQkFDRjU1OUVDMzVFRkY1ODg2RUU2ODhBQ0QwNzRGRjY3RjhEQkYxNEI4MTk3QUVFN0VDMzNDQUYyQzQ3OEFBRTI4NkU5QkNFMjcyQTQ1OTM5OEVDNkQ4RUY0N0REODc4QTVFNzZCRjAwRTRCODdERjFDNUJFMDczRkE0ODg2OTdFOTEyQzgyNjVGRDQ3OEZDMDM3QTlFNDVCQ0JEQzQ1MkRFNkNEQTFENUI5NUY3Nzc4NEU4MkM0Qjg4QzZCVw,grandoreiro malware distribution via iso
2026-09-07,url,http://fashion-chicken.com/x9i32md/w1/la02,phishing/malware campaign using drive-by compromise
2026-09-07,url,http://ocjipwlxi7kzxql.top/1.php?s=04e1ab2b-3f93-46fa-9aed-c3a2a3f126c9,phishing/malware campaign using curl
2026-09-07,url,http://www.tomwymt.com/dcKEvLkYP06P.php?tipo=vis&wpM=%2F&LC=,grandoreiro malware distribution via iso
2026-09-07,url,https://875northmichiganavenue.com/,phishing/malware campaign using curl
2026-09-07,url,https://abilityid.jjiebj.info/3EcKin4,phishing/malware campaign using headers fencing
2026-09-07,url,https://admitosity.lihuaihuai.org/eD9490/index,phishing/malware campaign using geofencing
2026-09-07,url,https://admitosity.lihuaihuai.org/stream/live,phishing/malware campaign using geofencing
2026-09-07,url,https://ahmm.ca/d.js,remcos malware distribution via clickfix
2026-09-07,url,https://appearia.hkgqki.info/3EcKin4,phishing/malware campaign using headers fencing
2026-09-07,url,https://arteer.chwidk.info/eD9490/index,phishing/malware campaign using geofencing
2026-09-07,url,https://asoiaksonc.zdytqb.info/H80AoO,phishing/malware campaign using headers fencing
2026-09-07,url,https://asoiaksonc.zdytqb.info/stream/live,phishing/malware campaign using headers fencing
2026-09-07,url,https://asoialsonc.mbudfb.info/H80AoO,phishing/malware campaign using headers fencing
2026-09-07,url,https://asoiarsoenc.hssjvhg.info/H80AoO,phishing/malware campaign using headers fencing
2026-09-07,url,https://asoiasonc.bdjxnasj.info/H80AoO,phishing/malware campaign using headers fencing
2026-09-07,url,https://asoiasondc.ibxga.info/H80AoO,phishing/malware campaign using headers fencing
2026-09-07,url,https://asoiastonc.nrgzae.info/H80AoO,phishing/malware campaign using headers fencing
2026-09-07,url,https://asoiasvonc.dscgbu.info/H80AoO,phishing/malware campaign using headers fencing
2026-09-07,url,https://asoiasyonc.bdjxkicm.info/H80AoO,phishing/malware campaign using headers fencing
2026-09-07,url,https://bacon-rumors.xyz/x9i32md/w1/la02,phishing/malware campaign using drive-by compromise
2026-09-07,url,https://batemili.z19.web.core.windows.net/obn9sdq4k/,phishing/malware campaign using social engineering
2026-09-07,url,https://bitwdect.com/lpIQZLTIMP07Z.php?tipo=vis&BST=%2F&HX=,grandoreiro malware distribution via iso
2026-09-07,url,https://blueress.zdmeevv.info/H80AoO,phishing/malware campaign using headers fencing
2026-09-07,url,https://boardress.gpzuxj.info/H80AoO,phishing/malware campaign using headers fencing
2026-09-07,url,https://bornage.spasdbd.info/H80AoO,phishing/malware campaign using headers fencing
2026-09-07,url,https://brevfier.qxdybji.info/3EcKin4,phishing/malware campaign using headers fencing
2026-09-07,url,https://bsc-testnet-rpc.publicnode.com/[Abused,amatera stealer malware distribution via drive-by compromise
2026-09-07,url,https://bsc-testnet.drpc.org/[Abused,amatera stealer malware distribution via drive-by compromise
2026-09-07,url,https://capit.surltx.cn/eD9490/index,phishing/malware campaign using geofencing
2026-09-07,url,https://cinorium.iwohqp.info/eD9490/index,phishing/malware campaign using geofencing
2026-09-07,url,https://clad.zzyssllh.cn/eD9490/index,phishing/malware campaign using geofencing
2026-09-07,url,https://classwise.xuffe.info/H80AoO,phishing/malware campaign using headers fencing
2026-09-07,url,https://clinocall.okxybw.info/H80AoO,phishing/malware campaign using headers fencing
2026-09-07,url,https://colasoyali.z1.web.core.windows.net/8y005ejdm3/,phishing/malware campaign using social engineering
2026-09-07,url,https://copperreliquary.info/version/secure-json.js,remcos malware distribution via clickfix
2026-09-07,url,https://cpajoliette.com/meta.google.com,remcos malware distribution via clickfix
2026-09-07,url,https://cpajoliette.com/wp-content/x.js,remcos malware distribution via clickfix
2026-09-07,url,https://create.athoen.info/H80AoO,phishing/malware campaign using headers fencing
2026-09-07,url,https://crimsonroundel.info/login/handler-component.js,remcos malware distribution via clickfix
2026-09-07,url,https://crystalforgeway.top/role/role-view.js,remcos malware distribution via clickfix
2026-09-07,url,https://cygnetrampart.top/policy/oauth-validator.js,remcos malware distribution via clickfix
2026-09-07,url,https://cylindproject.ybohhzz.cn/eD9490/index,phishing/malware campaign using geofencing
2026-09-07,url,https://data-seed-prebsc-1-s1.bnbchain.org:8545/[Abused,amatera stealer malware distribution via drive-by compromise
2026-09-07,url,https://dexidom.udcbdw.info/3EcKin4,phishing/malware campaign using headers fencing
2026-09-07,url,https://dow.ecoamlk.info/eD9490/index,phishing/malware campaign using geofencing
2026-09-07,url,https://earlyance.ptyom2.info/3EcKin4,phishing/malware campaign using headers fencing
2026-09-07,url,https://fg-analytics.biz/x9i32md/w1/la02,phishing/malware campaign using drive-by compromise
2026-09-07,url,https://financialate.fij5fu.info/H80AoO,phishing/malware campaign using headers fencing
2026-09-07,url,https://firmtrainingatic.hcjhqw.info/3EcKin4,phishing/malware campaign using headers fencing
2026-09-07,url,https://flintazimuth.top/private/captcha.js?18c66bd00ce549c2,remcos malware distribution via clickfix
2026-09-07,url,https://flintazimuth.top/private/session-util.js,remcos malware distribution via clickfix
2026-09-07,url,https://floorence.gzsezxq.cn/eD9490/index,phishing/malware campaign using geofencing
2026-09-07,url,https://forecast-chaos.com/x9i32md/w1/la02,phishing/malware campaign using drive-by compromise
2026-09-07,url,https://frozenorbit.top/audit/secure-response.js,remcos malware distribution via clickfix
2026-09-07,url,https://functial.ufyfjo.info/H80AoO,phishing/malware campaign using headers fencing
2026-09-07,url,https://grant-member.pro/x9i32md/w1/la02,phishing/malware campaign using drive-by compromise
2026-09-07,url,https://great-fade.sbs/x9i32md/w1/la02,phishing/malware campaign using drive-by compromise
2026-09-07,url,https://hazelcolonnade.net/handler/status-hook.js,remcos malware distribution via clickfix
2026-09-07,url,https://headcy.xckjvh.cn/T4TSak/lginox,phishing/malware campaign using headers fencing
2026-09-07,url,https://headcy.xckjvh.cn/stream/live,phishing/malware campaign using headers fencing
2026-09-07,url,https://hornbeamcairn.top/endpoint/handler-stylesheet.js,remcos malware distribution via clickfix
2026-09-07,url,https://i2or.bngta.info/H80AoO,phishing/malware campaign using headers fencing
2026-09-07,url,https://ibharcan.com/meta.google.com,remcos malware distribution via clickfix
2026-09-07,url,https://importantan.fenneqg.cn/T4TSak/lginox,phishing/malware campaign using headers fencing
2026-09-07,url,https://indigocrest.top/middleware/proxy-asset?pzXD8JWk,remcos malware distribution via clickfix
2026-09-07,url,https://indigocrest.top/middleware/scope-runtime.js,remcos malware distribution via clickfix
2026-09-07,url,https://insteadorium.nwp5ju.info/eD9490/index,phishing/malware campaign using geofencing
2026-09-07,url,https://investment.pwmhsxi.info/3EcKin4,phishing/malware campaign using headers fencing
2026-09-07,url,https://io.honeysucklefolio.co/status/legacy-status.js,remcos malware distribution via clickfix
2026-09-07,url,https://ip-info.ff.avast.com/v2/info[Abused,amatera stealer malware distribution via drive-by compromise
2026-09-07,url,https://ivyprologue.top/legacy/identity-build,remcos malware distribution via clickfix
2026-09-07,url,https://ivyprologue.top/legacy/throttle-theme.js,remcos malware distribution via clickfix
2026-09-07,url,https://kusikowski.sbs/2bqy19br.js,phishing/malware campaign using curl
2026-09-07,url,https://kusikowski.sbs/63zq2ttc.js,phishing/malware campaign using curl
2026-09-07,url,https://kusikowski.sbs/736zou4b.js,phishing/malware campaign using curl
2026-09-07,url,https://kusikowski.sbs/7p9mk0rs.js,phishing/malware campaign using curl
2026-09-07,url,https://kusikowski.sbs/9j6ua0lq.js,phishing/malware campaign using curl
2026-09-07,url,https://kusikowski.sbs/a28609f0.js,phishing/malware campaign using curl
2026-09-07,url,https://kusikowski.sbs/aa3oaqks.js,phishing/malware campaign using curl
2026-09-07,url,https://kusikowski.sbs/wbtmwsdr.js,phishing/malware campaign using curl
2026-09-07,url,https://laurelcloister.top/role/handler-deploy,remcos malware distribution via clickfix
2026-09-07,url,https://laurelcloister.top/role/logout-header.js,remcos malware distribution via clickfix
2026-09-07,url,https://laurelcloister.top/role/rate-layout.js,remcos malware distribution via clickfix
2026-09-07,url,https://linazazo.z1.web.core.windows.net/6z6m4g7/,phishing/malware campaign using social engineering
2026-09-07,url,https://lindenplumb.top/user/health-effect.js,remcos malware distribution via clickfix
2026-09-07,url,https://linenharvest.top/health/router-component.js,remcos malware distribution via clickfix
2026-09-07,url,https://loggiaelm.top/realm/reset-response.js,remcos malware distribution via clickfix
2026-09-07,url,https://lubricality.hnbrar.info/H80AoO,phishing/malware campaign using headers fencing
2026-09-07,url,https://macrarian.qvrvqk.info/3EcKin4,phishing/malware campaign using headers fencing
2026-09-07,url,https://maintainee.htoeiv.cn/eD9490/index,phishing/malware campaign using geofencing
2026-09-07,url,https://mc.yandex.com/watch/99162160?wmode=7&page-url=https%[Truncated,amatera stealer malware distribution via drive-by compromise
2026-09-07,url,https://mediafire.com/file/056ihul65bylpb3/file,grandoreiro malware distribution via iso
2026-09-07,url,https://mediafire.com/file/119vcvuqs0jfqfa/file,grandoreiro malware distribution via iso
2026-09-07,url,https://mediafire.com/file/cvrawul18qlov5v/file,grandoreiro malware distribution via iso
2026-09-07,url,https://mediafire.com/file/r5bctdyoq905up7/file,grandoreiro malware distribution via iso
2026-09-07,url,https://mediafire.com/file/wlmavm4dfeqn0jg/file,grandoreiro malware distribution via iso
2026-09-07,url,https://mezcalpro.com/scq,remcos malware distribution via clickfix
2026-09-07,url,https://middleie.dizmkvo.info/H80AoO,phishing/malware campaign using headers fencing
2026-09-07,url,https://mortite.8ata02.info/H80AoO,phishing/malware campaign using headers fencing
2026-09-07,url,https://naissess.xjfllxa.cn/eD9490/index,phishing/malware campaign using geofencing
2026-09-07,url,https://nibuyetu.z36.web.core.windows.net/htd9e44b/,phishing/malware campaign using social engineering
2026-09-07,url,https://nicibunowo.z1.web.core.windows.net/meg3u8o5/,phishing/malware campaign using social engineering
2026-09-07,url,https://novacupola.top/role/handler-deploy,remcos malware distribution via clickfix
2026-09-07,url,https://novacupola.top/role/logout-header.js,remcos malware distribution via clickfix
2026-09-07,url,https://novacupola.top/role/rate-layout.js,remcos malware distribution via clickfix
2026-09-07,url,https://olivenarthex.top/middleware/api-script.js,remcos malware distribution via clickfix
2026-09-07,url,https://olivenarthex.top/middleware/tenant-partial.js,remcos malware distribution via clickfix
2026-09-07,url,https://omasth.thkpig.info/3EcKin4,phishing/malware campaign using headers fencing
2026-09-07,url,https://pamegosulu.z1.web.core.windows.net/itcvmvxr0/,phishing/malware campaign using social engineering
2026-09-07,url,https://paraeverain.kvhgkjw.info/3EcKin4,phishing/malware campaign using headers fencing
2026-09-07,url,https://paraeverain.kvhgkjw.info/x/b6aca4b35a/c38f96706beb67e8a1,phishing/malware campaign using headers fencing
2026-09-07,url,https://pejororium.nkt9n3.info/3EcKin4,phishing/malware campaign using headers fencing
2026-09-07,url,https://pensform.vdzirbk.cn/T4TSak/lginox,phishing/malware campaign using headers fencing
2026-09-07,url,https://pinnary.betzbp.info/3EcKin4,phishing/malware campaign using headers fencing
2026-09-07,url,https://pneufearar.kiuhgfr.info/H80AoO,phishing/malware campaign using headers fencing
2026-09-07,url,https://pomalufuz.z21.web.core.windows.net/j85ucz7h/,phishing/malware campaign using social engineering
2026-09-07,url,https://poplarmemoir.top/api/status-component.js,remcos malware distribution via clickfix
2026-09-07,url,https://privateory.dmxtcj.info/3EcKin4,phishing/malware campaign using headers fencing
2026-09-07,url,https://privetbelvedere.net/proxy/legacy-thread.js,remcos malware distribution via clickfix
2026-09-07,url,https://profile.cobaltwayfinder.org/reset/gateway-runtime.js,remcos malware distribution via clickfix
2026-09-07,url,https://quartfication.wmsrdj.cn/eD9490/index,phishing/malware campaign using geofencing
2026-09-07,url,https://rapidcanvas.top/signin/secure-util.js,remcos malware distribution via clickfix
2026-09-07,url,https://rebuzebi.z9.web.core.windows.net/b7883be/,phishing/malware campaign using social engineering
2026-09-07,url,https://rewegova.z31.web.core.windows.net/ogk5cpghm/,phishing/malware campaign using social engineering
2026-09-07,url,https://rhigcrimelet.chktxw.info/H80AoO,phishing/malware campaign using headers fencing
2026-09-07,url,https://robopeza.z12.web.core.windows.net/50znf4e9/,phishing/malware campaign using social engineering
2026-09-07,url,https://rowanportico.global/identity/realm-xml.js,remcos malware distribution via clickfix
2026-09-07,url,https://royuwubow.z12.web.core.windows.net/5pjxfe2/,phishing/malware campaign using social engineering
2026-09-07,url,https://saccharistic.fepddcg.info/3EcKin4,phishing/malware campaign using headers fencing
2026-09-07,url,https://sacoastlet.intfzz.info/H80AoO,phishing/malware campaign using headers fencing
2026-09-07,url,https://saconstlet.hmejnq.info/H80AoO,phishing/malware campaign using headers fencing
2026-09-07,url,https://sacoostlet.ywvhtrc.info/H80AoO,phishing/malware campaign using headers fencing
2026-09-07,url,https://sacorstlet.krxtju.info/H80AoO,phishing/malware campaign using headers fencing
2026-09-07,url,https://sacosbtlet.eimrncv.info/H80AoO,phishing/malware campaign using headers fencing
2026-09-07,url,https://sacoscztlet.xirjepx.info/H80AoO,phishing/malware campaign using headers fencing
2026-09-07,url,https://sacoustlet.vtrrdpb.info/H80AoO,phishing/malware campaign using headers fencing
2026-09-07,url,https://sacoyrstlet.cdrzkvn.info/H80AoO,phishing/malware campaign using headers fencing
2026-09-07,url,https://sacpostlet.xiiuhsr.info/H80AoO,phishing/malware campaign using headers fencing
2026-09-07,url,https://sacstlet.mtrnskc.info/H80AoO,phishing/malware campaign using headers fencing
2026-09-07,url,https://sactostlet.wtfedco.info/H80AoO,phishing/malware campaign using headers fencing
2026-09-07,url,https://saisomctwayer.vhtkjwv.info/H80AoO,phishing/malware campaign using headers fencing
2026-09-07,url,https://saisomcwahyer.ok46ca.info/H80AoO,phishing/malware campaign using headers fencing
2026-09-07,url,https://saisomcwajyer.c1vm01.info/H80AoO,phishing/malware campaign using headers fencing
2026-09-07,url,https://saisomcwakyer.y8kk2x.info/H80AoO,phishing/malware campaign using headers fencing
2026-09-07,url,https://saisomcwalyer.ddm1tk.info/H80AoO,phishing/malware campaign using headers fencing
2026-09-07,url,https://saisomcwayfer.xvf25w.info/H80AoO,phishing/malware campaign using headers fencing
2026-09-07,url,https://saisomcwdayer.psngae.info/H80AoO,phishing/malware campaign using headers fencing
2026-09-07,url,https://saisomcwfayer.8g0cia.info/H80AoO,phishing/malware campaign using headers fencing
2026-09-07,url,https://saisomcwgayer.m4a167.info/H80AoO,phishing/malware campaign using headers fencing
2026-09-07,url,https://saisomcwiayer.331bci.info/H80AoO,phishing/malware campaign using headers fencing
2026-09-07,url,https://saisomcwoayer.rt34rk.info/H80AoO,phishing/malware campaign using headers fencing
2026-09-07,url,https://saisomcwqayer.pefudgs.info/H80AoO,phishing/malware campaign using headers fencing
2026-09-07,url,https://saisomcwsayer.mcuub.info/H80AoO,phishing/malware campaign using headers fencing
2026-09-07,url,https://saisomcwuayer.azn8gq.info/H80AoO,phishing/malware campaign using headers fencing
2026-09-07,url,https://saisomcwvayer.nbvkwk.info/H80AoO,phishing/malware campaign using headers fencing
2026-09-07,url,https://saisomcwwayer.zkewftu.info/H80AoO,phishing/malware campaign using headers fencing
2026-09-07,url,https://saisomcwyayer.zhpygjt.info/H80AoO,phishing/malware campaign using headers fencing
2026-09-07,url,https://saisomrcwayer.qbsixnb.info/H80AoO,phishing/malware campaign using headers fencing
2026-09-07,url,https://saissodbn202607oint.2pdwpd.info/H80AoO,phishing/malware campaign using headers fencing
2026-09-07,url,https://saissodbn202607oint.j6ahnk.info/H80AoO,phishing/malware campaign using headers fencing
2026-09-07,url,https://saissodbn202607oint.u0fnd.info/H80AoO,phishing/malware campaign using headers fencing
2026-09-07,url,https://sancice.eyewyu.cn/eD9490/index,phishing/malware campaign using geofencing
2026-09-07,url,https://saofundful.7mgpze.info/H80AoO,phishing/malware campaign using headers fencing
2026-09-07,url,https://sasd2s.y13e97.info/H80AoO,phishing/malware campaign using headers fencing
2026-09-07,url,https://sawcostlet.mrstbye.info/H80AoO,phishing/malware campaign using headers fencing
2026-09-07,url,https://schamserger.top/19woe2v2.js,phishing/malware campaign using curl
2026-09-07,url,https://schamserger.top/1l6k3mvi.js,phishing/malware campaign using curl
2026-09-07,url,https://schamserger.top/2sidelqt.js,phishing/malware campaign using curl
2026-09-07,url,https://schamserger.top/3tlogy85.js,phishing/malware campaign using curl
2026-09-07,url,https://schamserger.top/6he9qlda.js,phishing/malware campaign using curl
2026-09-07,url,https://schamserger.top/81ino7jh.js,phishing/malware campaign using curl
2026-09-07,url,https://schamserger.top/9vmu3ex3.js,phishing/malware campaign using curl
2026-09-07,url,https://schamserger.top/bl48puyo.js,phishing/malware campaign using curl
2026-09-07,url,https://schamserger.top/c8czwslh.js,phishing/malware campaign using curl
2026-09-07,url,https://schamserger.top/ezn0ps5w.js,phishing/malware campaign using curl
2026-09-07,url,https://schamserger.top/fofvidmb.js,phishing/malware campaign using curl
2026-09-07,url,https://schamserger.top/i87osy3n.js,phishing/malware campaign using curl
2026-09-07,url,https://schamserger.top/iiq1pmq1.js,phishing/malware campaign using curl
2026-09-07,url,https://schamserger.top/mc1huduv.js,phishing/malware campaign using curl
2026-09-07,url,https://schamserger.top/mmqxatqt.js,phishing/malware campaign using curl
2026-09-07,url,https://schamserger.top/rgdd88gb.js,phishing/malware campaign using curl
2026-09-07,url,https://schamserger.top/scfrc11k.js,phishing/malware campaign using curl
2026-09-07,url,https://schamserger.top/semgrezn.js,phishing/malware campaign using curl
2026-09-07,url,https://schamserger.top/ui3egwoo.js,phishing/malware campaign using curl
2026-09-07,url,https://sculpsure.hdq37v.info/3EcKin4,phishing/malware campaign using headers fencing
2026-09-07,url,https://sebuyavafu.z14.web.core.windows.net/a0i2fnuc2u/,phishing/malware campaign using social engineering
2026-09-07,url,https://seccond.cinm32.info/H80AoO,phishing/malware campaign using headers fencing
2026-09-07,url,https://secmond.h35j83.info/H80AoO,phishing/malware campaign using headers fencing
2026-09-07,url,https://secobnd.wp1xbd.info/H80AoO,phishing/malware campaign using headers fencing
2026-09-07,url,https://secolnd.o2vhu6.info/H80AoO,phishing/malware campaign using headers fencing
2026-09-07,url,https://second.ughf5v.info/H80AoO,phishing/malware campaign using headers fencing
2026-09-07,url,https://secoxnd.kt07ym.info/H80AoO,phishing/malware campaign using headers fencing
2026-09-07,url,https://seczond.f26q1r.info/H80AoO,phishing/malware campaign using headers fencing
2026-09-07,url,https://setity.xfrlekr.cn/T4TSak/lginox,phishing/malware campaign using headers fencing
2026-09-07,url,https://share.google/g4UPVSByV3nQ18GuQ?_task=mail&_action=get&_mbox=INBOX&_uid=,grandoreiro malware distribution via iso
2026-09-07,url,https://sicigasefa.z9.web.core.windows.net/tihaaf0j/,phishing/malware campaign using social engineering
2026-09-07,url,https://silenttunnelzone.top/token/handler-theme.js?90991c7a29dea756bb,remcos malware distribution via clickfix
2026-09-07,url,https://silenttunnelzone.top/token/identity-compiler.php?4aGnHRQC,remcos malware distribution via clickfix
2026-09-07,url,https://silenttunnelzone.top/token/token-controller.js,remcos malware distribution via clickfix
2026-09-07,url,https://silverlandscape.top/claims/refresh-cookie.js,remcos malware distribution via clickfix
2026-09-07,url,https://slatebeacon.top/legacy/identity-build,remcos malware distribution via clickfix
2026-09-07,url,https://slatebeacon.top/legacy/throttle-theme.js,remcos malware distribution via clickfix
2026-09-07,url,https://sonobot.latermost.fiyws.info/H80AoO,phishing/malware campaign using headers fencing
2026-09-07,url,https://sonpros.jtqmbr.info/H80AoO,phishing/malware campaign using headers fencing
2026-09-07,url,https://sonson.hzasnoz.info/H80AoO,phishing/malware campaign using headers fencing
2026-09-07,url,https://sontempt.hwvrxt.info/H80AoO,phishing/malware campaign using headers fencing
2026-09-07,url,https://sontich.fufdwef.info/H80AoO,phishing/malware campaign using headers fencing
2026-09-07,url,https://sontruor.drrhuk.info/H80AoO,phishing/malware campaign using headers fencing
2026-09-07,url,https://sororize.nigwdk.info/3EcKin4,phishing/malware campaign using headers fencing
2026-09-07,url,https://spindlewoodatlas.co/private/scope-worker.js,remcos malware distribution via clickfix
2026-09-07,url,https://splanctimage.wijfawd.info/H80AoO,phishing/malware campaign using headers fencing
2026-09-07,url,https://stanni3or.iuiva.info/H80AoO,phishing/malware campaign using headers fencing
2026-09-07,url,https://stanni4or.anwqgi.info/H80AoO,phishing/malware campaign using headers fencing
2026-09-07,url,https://stichate.yzagmj.info/3EcKin4,phishing/malware campaign using headers fencing
2026-09-07,url,https://stinguator.yiwqwyj.info/H80AoO,phishing/malware campaign using headers fencing
2026-09-07,url,https://stoneharvest.top/endpoint/refresh-runtime.js,remcos malware distribution via clickfix
2026-09-07,url,https://studmeetacle.vkbbwrm.info/H80AoO,phishing/malware campaign using headers fencing
2026-09-07,url,https://sucrory.nrlisy.info/eD9490/index,phishing/malware campaign using geofencing
2026-09-07,url,https://sycamoreitinerary.co/status/beta-response.js,remcos malware distribution via clickfix
2026-09-07,url,https://syringarian.eidtfhw.info/3EcKin4,phishing/malware campaign using headers fencing
2026-09-07,url,https://syshex6495.com/agent/v2/beacon,phishing/malware campaign using curl
2026-09-07,url,https://syshex6495.com/agent/v2/handshake,phishing/malware campaign using curl
2026-09-07,url,https://syshex6495.com/agent/v2/task-ack,phishing/malware campaign using curl
2026-09-07,url,https://syshex6495.com/b?t=YFMy6tzX,phishing/malware campaign using curl
2026-09-07,url,https://syshex6495.com/ue?dl=1&s=1,phishing/malware campaign using curl
2026-09-07,url,https://syshex6495.com/ue?t=YFMy6tzX&f=b,phishing/malware campaign using curl
2026-09-07,url,https://syshex6495.com/ue?t=YFMy6tzX&f=e,phishing/malware campaign using curl
2026-09-07,url,https://tafifuwago.z13.web.core.windows.net/4o1mdr/,phishing/malware campaign using social engineering
2026-09-07,url,https://tamarisknave.co/logout/oauth-schema.js,remcos malware distribution via clickfix
2026-09-07,url,https://tavegenu.z16.web.core.windows.net/8gu5t7jt/,phishing/malware campaign using social engineering
2026-09-07,url,https://teloade.ufmwxmx.info/3EcKin4,phishing/malware campaign using headers fencing
2026-09-07,url,https://ternson.pkkik.info/H80AoO,phishing/malware campaign using headers fencing
2026-09-07,url,https://terracesaga.top/middleware/api-script.js,remcos malware distribution via clickfix
2026-09-07,url,https://thesnackbee.com/d.js,remcos malware distribution via clickfix
2026-09-07,url,https://ucthoator.6jzyi2.info/3EcKin4,phishing/malware campaign using headers fencing
2026-09-07,url,https://umbergalleon.top/status/alias-build.js,remcos malware distribution via clickfix
2026-09-07,url,https://umbernarthex.org/route/tenant-core.js,remcos malware distribution via clickfix
2026-09-07,url,https://ungulage.yvu43c.info/H80AoO,phishing/malware campaign using headers fencing
2026-09-07,url,https://urile.arqyvg.info/eD9490/index,phishing/malware campaign using geofencing
2026-09-07,url,https://ursteachation.rqcddco.info/3EcKin4,phishing/malware campaign using headers fencing
2026-09-07,url,https://valueenne.jfgpyw.info/eD9490/index,phishing/malware campaign using geofencing
2026-09-07,url,https://valuzevel.z43.web.core.windows.net/kudwgay/,phishing/malware campaign using social engineering
2026-09-07,url,https://vegilewoz.z1.web.core.windows.net/q3ee4z1q/,phishing/malware campaign using social engineering
2026-09-07,url,https://viaductanthology.top/middleware/scope-runtime.js,remcos malware distribution via clickfix
2026-09-07,url,https://vironmentster.xoamyc.info/eD9490/index,phishing/malware campaign using geofencing
2026-09-07,url,https://vmi3467394.contaboserver.net/?_task=mail&_action=get&_mbox=INBOX&_uid=,grandoreiro malware distribution via iso
2026-09-07,url,https://vmi3469820.contaboserver.net/?_task=mail&_action=get&_mbox=INBOX&_uid=,grandoreiro malware distribution via iso
2026-09-07,url,https://vmi3474621.contaboserver.net/?_task=mail&_action=get&_mbox=INBOX&_uid=,grandoreiro malware distribution via iso
2026-09-07,url,https://vmi3513951.contaboserver.net/?_task=mail&_action=get&_mbox=INBOX&_uid=,grandoreiro malware distribution via iso
2026-09-07,url,https://weaponeur.pjhoas.info/eD9490/index,phishing/malware campaign using geofencing
2026-09-07,url,https://whiteharvest.top/token/token-controller.js,remcos malware distribution via clickfix
2026-09-07,url,https://willowgazette.top/callback/beta-ajax.js,remcos malware distribution via clickfix
2026-09-07,url,https://yarrowalcove.net/session/login-template.js,remcos malware distribution via clickfix
2026-09-07,url,https://yetilumo.z16.web.core.windows.net/2fubt/,phishing/malware campaign using social engineering
2026-09-07,url,https://zifobe.top/maclaudjp,phishing/malware campaign using social engineering
2026-09-09,domain,stamit.cfd,screenconnect malware distribution via executable
2026-09-09,email address,mail@bluevasesales.com,screenconnect malware distribution via executable
2026-09-09,hash,2ed1dbe0fe1cf00299533b583737d941181429f09e29bfcdb2204ab385a412c7,screenconnect malware distribution via executable
2026-09-09,hash,5031e84ba003dc3377a7a767c69ecaffba9e44421eae3113be26d66eb862d436,screenconnect malware distribution via executable
2026-09-09,hash,b82d28bbdc0012d2ca01005b9d152ad6b53c29c0f6dd9a3896f8c32086b3870d,screenconnect malware distribution via executable
2026-09-09,hash,cd69825ca962118955811a023d3f6b130eb70696b532b96bbf1a893be00a7c35,screenconnect malware distribution via executable
2026-09-09,ip address,163.245.215.154,screenconnect malware distribution via executable
2026-09-09,url,http://163.245.215.154:8040/Bin/ScreenConnect.ClientSetup.msi?e=Access&y=Guest,screenconnect malware distribution via executable
2026-09-09,url,http://secure-document.stamit.cfd/make/,screenconnect malware distribution via executable
2026-09-09,url,https://pub-3e3889b5442b4ed4ab5f97beec5959ea.r2.dev/SSA%20_Document%20Viewer.bat,screenconnect malware distribution via executable
2026-09-09,url,https://www.surveymonkey.com/tr/v1/te/i4EhdAvXr2NDN1yVBvGgH7Y_2BvvRXz3uuJS0q9zGhjyCb3bSP9N4tSa7p9aqaSpUXBalGOaapckViKhifQulZKiLQp8Q_2FLpBWJEbLrvfxAzVO_2BivBJ01DLrrKP1QYMt_2BSkbzuyQdhLI9_2F5SlZ876aHra8s0_2FH7PE4OowxlLrtDyPVnoAl5k_2FC68xXSez0CEC8,screenconnect malware distribution via executable
2026-09-10,domain,msi34db.tmp,fleetdeck malware distribution via executable
2026-09-10,domain,msi7d33.tmp,fleetdeck malware distribution via executable
2026-09-10,domain,s.start,fleetdeck malware distribution via executable
2026-09-10,domain,s.status,fleetdeck malware distribution via executable
2026-09-10,domain,s.stop,fleetdeck malware distribution via executable
2026-09-10,domain,s.waitforstatus,fleetdeck malware distribution via executable
2026-09-10,domain,text.encoding,fleetdeck malware distribution via executable
2026-09-10,email address,hannah@motuscontrols.com,phishing/malware campaign using ta0006 credential access
2026-09-10,email address,hannah@motusdatacheck.com,phishing/malware campaign using ta0006 credential access
2026-09-10,email address,hannah@motusdatamanagement.com,phishing/malware campaign using ta0006 credential access
2026-09-10,email address,hannah@motusdatamanger.com,phishing/malware campaign using ta0006 credential access
2026-09-10,email address,hannah@motusgeneral.com,phishing/malware campaign using ta0006 credential access
2026-09-10,email address,hannah@motusprivatedata.com,phishing/malware campaign using ta0006 credential access
2026-09-10,email address,hannah@motusprivatedeck.com,phishing/malware campaign using ta0006 credential access
2026-09-10,email address,hannah@motusprivatedesk.com,phishing/malware campaign using ta0006 credential access
2026-09-10,email address,hannah@motuswebaction.com,phishing/malware campaign using ta0006 credential access
2026-09-10,email address,hannah@motuswebcontrol.com,phishing/malware campaign using ta0006 credential access
2026-09-10,email address,hannah@motuswebmanage.com,phishing/malware campaign using ta0006 credential access
2026-09-10,email address,jack@motuswebadmin.com,phishing/malware campaign using ta0006 credential access
2026-09-10,email address,jack@motuswebcenter.com,phishing/malware campaign using ta0006 credential access
2026-09-10,email address,jack@motuswebconsole.com,phishing/malware campaign using ta0006 credential access
2026-09-10,email address,jack@motuswebdeck.com,phishing/malware campaign using ta0006 credential access
2026-09-10,email address,jack@motuswebhub.com,phishing/malware campaign using ta0006 credential access
2026-09-10,email address,jack@motuswebrecords.com,phishing/malware campaign using ta0006 credential access
2026-09-10,email address,jack@motuswebservices.com,phishing/malware campaign using ta0006 credential access
2026-09-10,email address,jack@motuswebstatus.com,phishing/malware campaign using ta0006 credential access
2026-09-10,email address,jack@motuswebupdate.com,phishing/malware campaign using ta0006 credential access
2026-09-10,email address,jack@motuswebupdates.com,phishing/malware campaign using ta0006 credential access
2026-09-10,email address,no.reply@mail.ssa-admin.help,fleetdeck malware distribution via executable
2026-09-10,email address,reply@mail.ssa-admin.help,fleetdeck malware distribution via executable
2026-09-10,hash,242a29c9c317c5553915c69f799e337d,fleetdeck malware distribution via executable
2026-09-10,hash,5a17121582184a23587613cb8bfc19e2,fleetdeck malware distribution via executable
2026-09-10,hash,5d691019e675cdb53f6b858874dda974a6fe79a2433a309e45d673dcac278308,fleetdeck malware distribution via executable
2026-09-10,hash,9c63896363d424abbc7b8ae096a5493a8176a08b9f4b15837d50186bf123f843,fleetdeck malware distribution via executable
2026-09-10,hash,a3ae5d86ecf38db9427359ea37a5f646,fleetdeck malware distribution via executable
2026-09-10,hash,c8d190d5be1efd2d52f72a72ae9dfa3940ab3faceb626405959349654fe18b74,fleetdeck malware distribution via executable
2026-09-10,hash,ce8dc53dbbc123badbb0b53c23121e33,fleetdeck malware distribution via executable
2026-09-10,hash,fa4a929064e5886fe0c622ae14f84894,fleetdeck malware distribution via executable
2026-09-10,url,https://dot.motusactivate.com/,phishing/malware campaign using ta0006 credential access
2026-09-10,url,https://dot.motuscontrols.com/,phishing/malware campaign using ta0006 credential access
2026-09-10,url,https://dot.motusdatadesk.com/,phishing/malware campaign using ta0006 credential access
2026-09-10,url,https://dot.motusdatamanagement.com/,phishing/malware campaign using ta0006 credential access
2026-09-10,url,https://dot.motusdatamanger.com/,phishing/malware campaign using ta0006 credential access
2026-09-10,url,https://dot.motusdatasboard.com/,phishing/malware campaign using ta0006 credential access
2026-09-10,url,https://dot.motusgeneral.com/,phishing/malware campaign using ta0006 credential access
2026-09-10,url,https://dot.motusprivatedata.com/,phishing/malware campaign using ta0006 credential access
2026-09-10,url,https://dot.motusprivatedeck.com/,phishing/malware campaign using ta0006 credential access
2026-09-10,url,https://dot.motusprivatedesk.com/,phishing/malware campaign using ta0006 credential access
2026-09-10,url,https://dot.motuswebaction.com/,phishing/malware campaign using ta0006 credential access
2026-09-10,url,https://dot.motuswebcenter.com/,phishing/malware campaign using ta0006 credential access
2026-09-10,url,https://dot.motuswebconsole.com/,phishing/malware campaign using ta0006 credential access
2026-09-10,url,https://dot.motuswebcontrol.com/,phishing/malware campaign using ta0006 credential access
2026-09-10,url,https://dot.motuswebdeck.com/,phishing/malware campaign using ta0006 credential access
2026-09-10,url,https://dot.motuswebdesk.com/,phishing/malware campaign using ta0006 credential access
2026-09-10,url,https://dot.motuswebmanage.com/,phishing/malware campaign using ta0006 credential access
2026-09-10,url,https://dot.motuswebrecord.com/,phishing/malware campaign using ta0006 credential access
2026-09-10,url,https://dot.motuswebrecords.com/,phishing/malware campaign using ta0006 credential access
2026-09-10,url,https://dot.motuswebreview.com/,phishing/malware campaign using ta0006 credential access
2026-09-10,url,https://dot.motuswebservice.com/,phishing/malware campaign using ta0006 credential access
2026-09-10,url,https://dot.motuswebservices.com/,phishing/malware campaign using ta0006 credential access
2026-09-10,url,https://dot.motuswebsystem.com/,phishing/malware campaign using ta0006 credential access
2026-09-10,url,https://dot.motuswebupdate.com/,phishing/malware campaign using ta0006 credential access
2026-09-10,url,https://dot.motuswebupdates.com/,phishing/malware campaign using ta0006 credential access
2026-09-10,url,https://ssafiles.help/,fleetdeck malware distribution via executable
2026-09-10,url,https://ssafiles.help/adobe/,fleetdeck malware distribution via executable
2026-09-10,url,https://www.motuswebhub.com/,phishing/malware campaign using ta0006 credential access
2026-09-13,domain,amazon.co.jp,phishing/malware campaign using headers fencing
2026-09-13,domain,mazon.co.jp,phishing/malware campaign using headers fencing
2026-09-13,email address,hbjti@hbjti.feibang-bag.com,phishing/malware campaign using headers fencing
2026-09-13,email address,knzpo@knzpo.amx168.com,phishing/malware campaign using headers fencing
2026-09-13,ip address,43.153.153.108,phishing/malware campaign using headers fencing
2026-09-13,ip address,43.167.13.5,phishing/malware campaign using headers fencing
2026-09-13,ip address,43.167.215.240,phishing/malware campaign using headers fencing
2026-09-13,url,http://yth188.com/5i0k,phishing/malware campaign using headers fencing
2026-09-13,url,https://poahealthy.com/captcha/go/b25f3f3809a386d75a60f59399db4e1f,phishing/malware campaign using headers fencing
2026-09-13,url,https://poahealthy.com/captcha/verify,phishing/malware campaign using headers fencing
2026-09-13,url,https://poahealthy.com/pnVCTQZOAe.jsp,phishing/malware campaign using headers fencing
2026-09-13,url,https://yishuyanhua.com/ZkluFRrpjJ.tokyo.com,phishing/malware campaign using headers fencing
2026-09-14,domain,ahmm.ca,remcos malware distribution via clickfix
2026-09-14,domain,arrowwoodmemoir.org,remcos malware distribution via clickfix
2026-09-14,domain,bayberrygalleon.cc,remcos malware distribution via clickfix
2026-09-14,domain,cdn14.quran.edu.eu.org,socgholish's injection malware distribution via keitaro tds
2026-09-14,domain,cobaltwayfinder.org,remcos malware distribution via clickfix
2026-09-14,domain,console.error,socgholish's injection malware distribution via keitaro tds
2026-09-14,domain,consumer.fsia.net,socgholish's injection malware distribution via keitaro tds
2026-09-14,domain,contaboserver.net,grandoreiro malware distribution via vbs
2026-09-14,domain,copperreliquary.info,remcos malware distribution via clickfix
2026-09-14,domain,crimsonroundel.info,remcos malware distribution via clickfix
2026-09-14,domain,crystalforgeway.top,remcos malware distribution via clickfix
2026-09-14,domain,cygnetrampart.top,remcos malware distribution via clickfix
2026-09-14,domain,document.queryselector,socgholish's injection malware distribution via keitaro tds
2026-09-14,domain,elderberryloft.net,remcos malware distribution via clickfix
2026-09-14,domain,flintazimuth.top,remcos malware distribution via clickfix
2026-09-14,domain,frozenorbit.top,remcos malware distribution via clickfix
2026-09-14,domain,hazelcolonnade.net,remcos malware distribution via clickfix
2026-09-14,domain,honeysucklefolio.co,remcos malware distribution via clickfix
2026-09-14,domain,hornbeamcairn.top,remcos malware distribution via clickfix
2026-09-14,domain,indigocrest.top,remcos malware distribution via clickfix
2026-09-14,domain,ivyprologue.top,remcos malware distribution via clickfix
2026-09-14,domain,knjp.shop,phishing/malware campaign using right-to-left overwrite
2026-09-14,domain,knjw.shop,phishing/malware campaign using geofencing
2026-09-14,domain,laurelcloister.top,remcos malware distribution via clickfix
2026-09-14,domain,lindenplumb.top,remcos malware distribution via clickfix
2026-09-14,domain,linenharvest.top,remcos malware distribution via clickfix
2026-09-14,domain,livelife.help,screenconnect malware distribution via ato jumping
2026-09-14,domain,loggiaelm.top,remcos malware distribution via clickfix
2026-09-14,domain,marooncloister.info,remcos malware distribution via clickfix
2026-09-14,domain,muzecufupi.top,phishing/malware campaign using social engineering
2026-09-14,domain,novacupola.top,remcos malware distribution via clickfix
2026-09-14,domain,olivenarthex.top,remcos malware distribution via clickfix
2026-09-14,domain,organizationname.tld,phishing/malware campaign using social engineering
2026-09-14,domain,poplarmemoir.top,remcos malware distribution via clickfix
2026-09-14,domain,prev.remove,socgholish's injection malware distribution via keitaro tds
2026-09-14,domain,privetbelvedere.net,remcos malware distribution via clickfix
2026-09-14,domain,pro-espace.org,phishing/malware campaign using social engineering
2026-09-14,domain,r.createelement,socgholish's injection malware distribution via keitaro tds
2026-09-14,domain,r.getelementsbytagname,socgholish's injection malware distribution via keitaro tds
2026-09-14,domain,rapidcanvas.top,remcos malware distribution via clickfix
2026-09-14,domain,rowanportico.global,remcos malware distribution via clickfix
2026-09-14,domain,s.parentnode.insertbefore,socgholish's injection malware distribution via keitaro tds
2026-09-14,domain,s.r.ltda,grandoreiro malware distribution via vbs
2026-09-14,domain,silenttunnelzone.top,remcos malware distribution via clickfix
2026-09-14,domain,silverlandscape.top,remcos malware distribution via clickfix
2026-09-14,domain,slatebeacon.top,remcos malware distribution via clickfix
2026-09-14,domain,spindlewoodatlas.co,remcos malware distribution via clickfix
2026-09-14,domain,stoneharvest.top,remcos malware distribution via clickfix
2026-09-14,domain,sycamoreitinerary.co,remcos malware distribution via clickfix
2026-09-14,domain,tamarisknave.co,remcos malware distribution via clickfix
2026-09-14,domain,terracesaga.top,remcos malware distribution via clickfix
2026-09-14,domain,tomm-rt.top,phishing/malware campaign using virtualization/sandbox evasion
2026-09-14,domain,umbergalleon.top,remcos malware distribution via clickfix
2026-09-14,domain,umbernarthex.org,remcos malware distribution via clickfix
2026-09-14,domain,userprofile.localpath,phishing/malware campaign using virtualization/sandbox evasion
2026-09-14,domain,v.async,socgholish's injection malware distribution via keitaro tds
2026-09-14,domain,v.src,socgholish's injection malware distribution via keitaro tds
2026-09-14,domain,viaductanthology.top,remcos malware distribution via clickfix
2026-09-14,domain,whiteharvest.top,remcos malware distribution via clickfix
2026-09-14,domain,willowgazette.top,remcos malware distribution via clickfix
2026-09-14,domain,winterberrycanto.co,remcos malware distribution via clickfix
2026-09-14,domain,witchelmlexicon.org,remcos malware distribution via clickfix
2026-09-14,domain,yarrowalcove.net,remcos malware distribution via clickfix
2026-09-14,domain,yewanthology.co,remcos malware distribution via clickfix
2026-09-14,email address,a.aatar@uiz.ac.ma,grandoreiro malware distribution via vbs
2026-09-14,email address,account@mta.qdgxxny.com,phishing/malware campaign using geofencing
2026-09-14,email address,betina.idea@gmail.com,grandoreiro malware distribution via vbs
2026-09-14,email address,buro11@perfectmexico.com,grandoreiro malware distribution via vbs
2026-09-14,email address,buro43@perfectmexico.com,grandoreiro malware distribution via vbs
2026-09-14,email address,buro48@perfectmexico.com,grandoreiro malware distribution via vbs
2026-09-14,email address,buro55@perfectmexico.com,grandoreiro malware distribution via vbs
2026-09-14,email address,buro66@perfectmexico.com,grandoreiro malware distribution via vbs
2026-09-14,email address,buro68@perfectmexico.com,grandoreiro malware distribution via vbs
2026-09-14,email address,buro77@perfectmexico.com,grandoreiro malware distribution via vbs
2026-09-14,email address,buro81@perfectmexico.com,grandoreiro malware distribution via vbs
2026-09-14,email address,buro87@perfectmexico.com,grandoreiro malware distribution via vbs
2026-09-14,email address,buro92@perfectmexico.com,grandoreiro malware distribution via vbs
2026-09-14,email address,chocolate@chocolate.simroid.com,phishing/malware campaign using right-to-left overwrite
2026-09-14,email address,gerente311@gersamex.com.mx,grandoreiro malware distribution via vbs
2026-09-14,email address,itellezb@gmail.com,grandoreiro malware distribution via vbs
2026-09-14,email address,joaquinbautistavqz@gmail.com,grandoreiro malware distribution via vbs
2026-09-14,email address,mail@americanmovingandhauling.com,screenconnect malware distribution via ato jumping
2026-09-14,email address,marcela.delatorrem@gmail.com,grandoreiro malware distribution via vbs
2026-09-14,email address,mery0669@gmail.com,grandoreiro malware distribution via vbs
2026-09-14,email address,msanchezflrs@gmail.com,grandoreiro malware distribution via vbs
2026-09-14,email address,pro.espace@banquepopulaire.fr,phishing/malware campaign using social engineering
2026-09-14,email address,rvc@rvcservices.pe,grandoreiro malware distribution via vbs
2026-09-14,hash,3b3d362f8376c88ad410918a538449a54c8eeb0974d0488b479ee253c263cbdd,grandoreiro malware distribution via vbs
2026-09-14,hash,626ae803fcea44acea9d7c7774e89d458fd9c9fbba2d929d2b48edf054605576,phishing/malware campaign using geofencing
2026-09-14,hash,667cd27161a2fd1dd89f7211863c166fe348921cd2262611cba19fb26d038037,screenconnect malware distribution via ato jumping
2026-09-14,hash,98e56c5f902fb825f6f122122ba6a2a0febee1e582a462f74dd1d99b018bf7c0,grandoreiro malware distribution via vbs
2026-09-14,hash,a5d3aafc2a434ead09582bed824899d5d248927edd7fcce98c3264c4a86648e9,grandoreiro malware distribution via vbs
2026-09-14,hash,c39fe5fec79bf3d58dde834068758db2fc1a820d3ae4d34c1cba6df2927dfc98,screenconnect malware distribution via ato jumping
2026-09-14,hash,e59b29b39af6df7b596350fcff3ab6c92c4a41a3c8d7e4780cbf6b90b6ea8025,phishing/malware campaign using right-to-left overwrite
2026-09-14,ip address,103.50.161.246,remcos malware distribution via clickfix
2026-09-14,ip address,178.156.128.5,remcos malware distribution via clickfix
2026-09-14,ip address,178.156.193.122,remcos malware distribution via clickfix
2026-09-14,ip address,178.156.212.165,remcos malware distribution via clickfix
2026-09-14,ip address,178.156.244.211,remcos malware distribution via clickfix
2026-09-14,ip address,188.190.9.177,socgholish's injection malware distribution via keitaro tds
2026-09-14,ip address,198.46.243.57,screenconnect malware distribution via ato jumping
2026-09-14,ip address,43.165.135.85,phishing/malware campaign using geofencing
2026-09-14,ip address,43.165.174.174,phishing/malware campaign using right-to-left overwrite
2026-09-14,ip address,43.167.26.70,phishing/malware campaign using geofencing
2026-09-14,ip address,5.161.248.121,remcos malware distribution via clickfix
2026-09-14,ip address,5.161.66.73,remcos malware distribution via clickfix
2026-09-14,ip address,95.133.228.51,socgholish's injection malware distribution via keitaro tds
2026-09-14,url,http://172.86.74.31:1521/boot_joy_vbs.zip?=,grandoreiro malware distribution via vbs
2026-09-14,url,http://198.46.243.57:8040/Bin/ScreenConnect.ClientSetup.msi?e=Access&y=Guest,screenconnect malware distribution via ato jumping
2026-09-14,url,http://3.81.210.102:5808/ek5DOTVDQkQxQTJBNEY0OUNDMjc0REQ3MjZBQTRFOTNCQzA1MTUyODU4OENENTIwQkQyNEI1MzJCNURDMDA1QTg5RTI3QkUzMEExRjQ0QkVCQzAxNUVFNzBCNkQ5MkUyNTg5QkFFNDc4MjkxRDMxMTdGRTMwNzc0RUQ3RkU1MUI0Q0I3NUU5NkQ3MTE1QUJCNUM4M0UxNTE4M0NCNjRGQTJEOTRCNEExREU1MEE4QzUzRTQ2QUVEODcxRDcwMDc2OTZGMDEwQkFDRjU1OUVDMzVFRkY1ODg2RUU2ODhBQ0QwNzRGRjY3RjhEQkYxNEI4MTk3QUVFN0VDMzNDQUYyQzQ3OEFBRTI4NkU5QkNFMjcyQTQ1OTM5OEVDNkQ4RUY0N0REODc4QTVFNzZCRjAwRTRCODdERjFDNUJFMDczRkE0ODg2OTdFOTEyQzgyNjVGRDQ3OEZDMDM3QTlFNDVCQ0JEQzQ1MkRFNkNEQTFENUI5NUY3Nzc4NEU4MkM0Qjg4QzZCVw,grandoreiro malware distribution via vbs
2026-09-14,url,http://www.tomwymt.com/dcKEvLkYP06P.php?tipo=vis&wpM=%2F&LC=,grandoreiro malware distribution via vbs
2026-09-14,url,https://ahmm.ca/d.js,remcos malware distribution via clickfix
2026-09-14,url,https://api-ext.bixbitemarketing.com/2eS1DKLG1mW9xo8+7t2ZLqvGjy6xgNB8u4PcZLSK03W6kNZrrpXcLqQ=,socgholish's injection malware distribution via keitaro tds
2026-09-14,url,https://api.ketoriloxisd.com/LDCgJ9WT7FSs5uVQ,socgholish's injection malware distribution via keitaro tds
2026-09-14,url,https://arrowwoodmemoir.org/throttle/admin-state.js,remcos malware distribution via clickfix
2026-09-14,url,https://bayberrygalleon.cc/gateway/principal-cache.js,remcos malware distribution via clickfix
2026-09-14,url,https://bitwdect.com/lpIQZLTIMP07Z.php?tipo=vis&BST=%2F&HX=,grandoreiro malware distribution via vbs
2026-09-14,url,https://bp.pro-espace.org/A1EEq-LPsKhAU-1DBkp7R/index.html,phishing/malware campaign using social engineering
2026-09-14,url,https://bp.pro-espace.org/A1EEq-LPsKhAU-3xXj5va/auth/,phishing/malware campaign using social engineering
2026-09-14,url,https://bp.pro-espace.org/A1EEq-LPsKhAU-3xXj5va/auth/login.php,phishing/malware campaign using social engineering
2026-09-14,url,https://bp.pro-espace.org/A1EEq-LPsKhAU-3xXj5va/index.php,phishing/malware campaign using social engineering
2026-09-14,url,https://bp.pro-espace.org/index.html,phishing/malware campaign using social engineering
2026-09-14,url,https://bradxm.com/zmuctaFXZDHP02N.php?tipo=vis&kBI=%2F&vN=,grandoreiro malware distribution via vbs
2026-09-14,url,https://busoseni.z11.web.core.windows.net/wm83m3n/,phishing/malware campaign using social engineering
2026-09-14,url,https://cdn.sendibt1.com/f.js,phishing/malware campaign using virtualization/sandbox evasion
2026-09-14,url,https://cdn10.sendibt1.com/f.js,phishing/malware campaign using virtualization/sandbox evasion
2026-09-14,url,https://cdn11.sendibt1.com/f.js,phishing/malware campaign using virtualization/sandbox evasion
2026-09-14,url,https://cdn14.quran.edu.eu.org/gXiA7/pa44blWrrdt0uszfNaus30H+GO5xvonOoN5M38,socgholish's injection malware distribution via keitaro tds
2026-09-14,url,https://cdn2.sendibt1.com/f.js,phishing/malware campaign using virtualization/sandbox evasion
2026-09-14,url,https://cdn3.sendibt1.com/f.js,phishing/malware campaign using virtualization/sandbox evasion
2026-09-14,url,https://cdn4.sendibt1.com/f.js,phishing/malware campaign using virtualization/sandbox evasion
2026-09-14,url,https://cdn9.sendibt1.com/f.js,phishing/malware campaign using virtualization/sandbox evasion
2026-09-14,url,https://cegizuzam.z33.web.core.windows.net/4eoi6/,phishing/malware campaign using social engineering
2026-09-14,url,https://consumer.fsia.net/xgd37bkqtsdk7bk3inqguhrmy0doi0hgugbb1gbpiv7d7cs3ebwt,socgholish's injection malware distribution via keitaro tds
2026-09-14,url,https://copperreliquary.info/version/secure-json.js,remcos malware distribution via clickfix
2026-09-14,url,https://cpajoliette.com/meta.google.com,remcos malware distribution via clickfix
2026-09-14,url,https://cpajoliette.com/wp-content/x.js,remcos malware distribution via clickfix
2026-09-14,url,https://crimsonroundel.info/login/handler-component.js,remcos malware distribution via clickfix
2026-09-14,url,https://crystalforgeway.top/role/role-view.js,remcos malware distribution via clickfix
2026-09-14,url,https://cuniyesusi.z13.web.core.windows.net/p7hia/,phishing/malware campaign using social engineering
2026-09-14,url,https://cygnetrampart.top/policy/oauth-validator.js,remcos malware distribution via clickfix
2026-09-14,url,https://depoforay.z4.web.core.windows.net/6gj7h/,phishing/malware campaign using social engineering
2026-09-14,url,https://ditankaofan-jprakutansui.com/,phishing/malware campaign using geofencing
2026-09-14,url,https://dorirese.z7.web.core.windows.net/cp0ukx0/,phishing/malware campaign using social engineering
2026-09-14,url,https://download.guomeizuo.com/baobao/vポイント,phishing/malware campaign using right-to-left overwrite
2026-09-14,url,https://download.guomeizuo.com/big/楽天pointsclub,phishing/malware campaign using geofencing
2026-09-14,url,https://dsc.cercoman.com/,phishing/malware campaign using social engineering
2026-09-14,url,https://elderberryloft.net/acl/realm-serializer.js,remcos malware distribution via clickfix
2026-09-14,url,https://ferivova.z27.web.core.windows.net/i300ldt/,phishing/malware campaign using social engineering
2026-09-14,url,https://flintazimuth.top/private/captcha.js?18c66bd00ce549c2,remcos malware distribution via clickfix
2026-09-14,url,https://flintazimuth.top/private/session-util.js,remcos malware distribution via clickfix
2026-09-14,url,https://fosirirow.z16.web.core.windows.net/5tlg6qyl3/,phishing/malware campaign using social engineering
2026-09-14,url,https://frozenorbit.top/audit/secure-response.js,remcos malware distribution via clickfix
2026-09-14,url,https://fuyubilire.z1.web.core.windows.net/jbnj6o3uq3/,phishing/malware campaign using social engineering
2026-09-14,url,https://hazelcolonnade.net/handler/status-hook.js,remcos malware distribution via clickfix
2026-09-14,url,https://hornbeamcairn.top/endpoint/handler-stylesheet.js,remcos malware distribution via clickfix
2026-09-14,url,https://ibharcan.com/meta.google.com,remcos malware distribution via clickfix
2026-09-14,url,https://indigocrest.top/middleware/proxy-asset?pzXD8JWk,remcos malware distribution via clickfix
2026-09-14,url,https://indigocrest.top/middleware/scope-runtime.js,remcos malware distribution via clickfix
2026-09-14,url,https://io.honeysucklefolio.co/status/legacy-status.js,remcos malware distribution via clickfix
2026-09-14,url,https://io.honeysucklefolio.co/status/legacy-view.js,remcos malware distribution via clickfix
2026-09-14,url,https://ivyprologue.top/legacy/identity-build,remcos malware distribution via clickfix
2026-09-14,url,https://ivyprologue.top/legacy/throttle-theme.js,remcos malware distribution via clickfix
2026-09-14,url,https://laurelcloister.top/role/handler-deploy,remcos malware distribution via clickfix
2026-09-14,url,https://laurelcloister.top/role/logout-header.js,remcos malware distribution via clickfix
2026-09-14,url,https://laurelcloister.top/role/rate-layout.js,remcos malware distribution via clickfix
2026-09-14,url,https://lindenplumb.top/user/health-effect.js,remcos malware distribution via clickfix
2026-09-14,url,https://linenharvest.top/health/router-component.js,remcos malware distribution via clickfix
2026-09-14,url,https://locisoyac.z43.web.core.windows.net/9sl08zr/,phishing/malware campaign using social engineering
2026-09-14,url,https://loggiaelm.top/realm/reset-response.js,remcos malware distribution via clickfix
2026-09-14,url,https://lpify.dtdns.org/[Possibly.Legit,phishing/malware campaign using social engineering
2026-09-14,url,https://mandasirika-smbice.com/,phishing/malware campaign using right-to-left overwrite
2026-09-14,url,https://marooncloister.info/dashboard/trace-render.js,remcos malware distribution via clickfix
2026-09-14,url,https://masteringjscode.com/7eRAGApMluLWavKFFh1zyi92GBX79PO7a-1f1JfsH4c,socgholish's injection malware distribution via keitaro tds
2026-09-14,url,https://mezcalpro.com/scq,remcos malware distribution via clickfix
2026-09-14,url,https://muhefahuklodail.com/qSEVgTuM,socgholish's injection malware distribution via keitaro tds
2026-09-14,url,https://nepogemo.z5.web.core.windows.net/2jr5laol/,phishing/malware campaign using social engineering
2026-09-14,url,https://nifwz.com/wiki/72Msdq2Ygv,phishing/malware campaign using right-to-left overwrite
2026-09-14,url,https://nocugusir.z23.web.core.windows.net/nq5ztr3tr0/,phishing/malware campaign using social engineering
2026-09-14,url,https://novacupola.top/role/handler-deploy,remcos malware distribution via clickfix
2026-09-14,url,https://novacupola.top/role/logout-header.js,remcos malware distribution via clickfix
2026-09-14,url,https://novacupola.top/role/rate-layout.js,remcos malware distribution via clickfix
2026-09-14,url,https://olivenarthex.top/middleware/api-script.js,remcos malware distribution via clickfix
2026-09-14,url,https://olivenarthex.top/middleware/tenant-partial.js,remcos malware distribution via clickfix
2026-09-14,url,https://perfectmexico.com/gxo05veo-gp9m,grandoreiro malware distribution via vbs
2026-09-14,url,https://poplarmemoir.top/api/status-component.js,remcos malware distribution via clickfix
2026-09-14,url,https://preamp.givescash.com/Xgd37BKqtSdK7BK3yCfIyCrfuozgECM5uhmGioFjioTL73s31S7pY0l=,socgholish's injection malware distribution via keitaro tds
2026-09-14,url,https://privetbelvedere.net/proxy/legacy-thread.js,remcos malware distribution via clickfix
2026-09-14,url,https://profile.cobaltwayfinder.org/reset/gateway-runtime.js,remcos malware distribution via clickfix
2026-09-14,url,https://rapidcanvas.top/signin/secure-util.js,remcos malware distribution via clickfix
2026-09-14,url,https://rowanportico.global/identity/realm-xml.js,remcos malware distribution via clickfix
2026-09-14,url,https://rurovufir.z14.web.core.windows.net/z74htup3t/,phishing/malware campaign using social engineering
2026-09-14,url,https://share.google/g4UPVSByV3nQ18GuQ?_task=mail&_action=get&_mbox=INBOX&_uid=,grandoreiro malware distribution via vbs
2026-09-14,url,https://shortsighted-rekutemsui-copoint.com/AgcVdtIKVG.go.jp,phishing/malware campaign using geofencing
2026-09-14,url,https://silenttunnelzone.top/token/handler-theme.js?90991c7a29dea756bb,remcos malware distribution via clickfix
2026-09-14,url,https://silenttunnelzone.top/token/identity-compiler.php?4aGnHRQC,remcos malware distribution via clickfix
2026-09-14,url,https://silenttunnelzone.top/token/token-controller.js,remcos malware distribution via clickfix
2026-09-14,url,https://silverlandscape.top/claims/refresh-cookie.js,remcos malware distribution via clickfix
2026-09-14,url,https://simplecopseholding.com/jWcTAonomVveWlRkcUjN6PF-aopGXJy,socgholish's injection malware distribution via keitaro tds
2026-09-14,url,https://slatebeacon.top/legacy/identity-build,remcos malware distribution via clickfix
2026-09-14,url,https://slatebeacon.top/legacy/throttle-theme.js,remcos malware distribution via clickfix
2026-09-14,url,https://spindlewoodatlas.co/private/scope-worker.js,remcos malware distribution via clickfix
2026-09-14,url,https://stnamdocesignstnam.livelife.help/adobe/ado/,screenconnect malware distribution via ato jumping
2026-09-14,url,https://stnamdocesignstnam.livelife.help/adobe/ado/Adobe_Acrobat_Installerx.bat,screenconnect malware distribution via ato jumping
2026-09-14,url,https://stoneharvest.top/endpoint/refresh-runtime.js,remcos malware distribution via clickfix
2026-09-14,url,https://suculicov.z38.web.core.windows.net/9xcwjio10/,phishing/malware campaign using social engineering
2026-09-14,url,https://sycamoreitinerary.co/status/beta-response.js,remcos malware distribution via clickfix
2026-09-14,url,https://tamarisknave.co/logout/oauth-schema.js,remcos malware distribution via clickfix
2026-09-14,url,https://terracesaga.top/middleware/api-script.js,remcos malware distribution via clickfix
2026-09-14,url,https://thesnackbee.com/d.js,remcos malware distribution via clickfix
2026-09-14,url,https://tivuzuyam.z16.web.core.windows.net/ocv5tfraeb/,phishing/malware campaign using social engineering
2026-09-14,url,https://tomm-rt.top/a,phishing/malware campaign using virtualization/sandbox evasion
2026-09-14,url,https://tomm-rt.top/f,phishing/malware campaign using virtualization/sandbox evasion
2026-09-14,url,https://tomm-rt.top/p,phishing/malware campaign using virtualization/sandbox evasion
2026-09-14,url,https://umbergalleon.top/status/alias-build.js,remcos malware distribution via clickfix
2026-09-14,url,https://umbernarthex.org/route/tenant-core.js,remcos malware distribution via clickfix
2026-09-14,url,https://viaductanthology.top/middleware/scope-runtime.js,remcos malware distribution via clickfix
2026-09-14,url,https://vitrincebin-jprakutansui.com/,phishing/malware campaign using geofencing
2026-09-14,url,https://vmi,grandoreiro malware distribution via vbs
2026-09-14,url,https://votivfateful-jprakutansui-copoint.com/,phishing/malware campaign using geofencing
2026-09-14,url,https://vusuvifin.z1.web.core.windows.net/dg9bkyq3jl/,phishing/malware campaign using social engineering
2026-09-14,url,https://whiteharvest.top/token/token-controller.js,remcos malware distribution via clickfix
2026-09-14,url,https://willowgazette.top/callback/beta-ajax.js,remcos malware distribution via clickfix
2026-09-14,url,https://winterberrycanto.co/private/profile-stylesheet.js,remcos malware distribution via clickfix
2026-09-14,url,https://witchelmlexicon.org/route/login-effect.js,remcos malware distribution via clickfix
2026-09-14,url,https://www.knjp.shop,phishing/malware campaign using right-to-left overwrite
2026-09-14,url,https://www.knjw.shop/n/ir,phishing/malware campaign using geofencing
2026-09-14,url,https://yarrowalcove.net/session/login-template.js,remcos malware distribution via clickfix
2026-09-14,url,https://yewanthology.co/rate/settings-compiler.js,remcos malware distribution via clickfix
2026-09-14,url,https://yobotogub.z5.web.core.windows.net/ngojjg3r/,phishing/malware campaign using social engineering
2026-09-14,url,https://yudatiloza.z9.web.core.windows.net/nz8re/,phishing/malware campaign using social engineering
2026-09-14,url,https://zomaducem.z31.web.core.windows.net/d1kx3m14t/,phishing/malware campaign using social engineering
2026-09-15,email address,fwp@inugamarui.com,phishing/malware campaign using social engineering
2026-09-15,email address,its-eng@beyourselfbebrave.net,phishing/malware campaign using social engineering
2026-09-15,email address,mable@tamanoo-law.jp,phishing/malware campaign using social engineering
2026-09-15,email address,nari@top-field.co.jp,phishing/malware campaign using social engineering
2026-09-15,email address,raheem@a-hutech.com,phishing/malware campaign using social engineering
2026-09-15,email address,roxie@gracehouse-mika.com,phishing/malware campaign using social engineering
2026-09-15,email address,rubia@sportsaroma-saan.net,phishing/malware campaign using social engineering
2026-09-15,email address,sandie@primes-co.com,phishing/malware campaign using social engineering
2026-09-15,url,https://macrarian.qvrvqk.info/3EcKin4,phishing/malware campaign using social engineering
2026-09-15,url,https://pinnary.betzbp.info/3EcKin4,phishing/malware campaign using social engineering
2026-09-15,url,https://sculpsure.hdq37v.info/3EcKin4,phishing/malware campaign using social engineering
2026-09-15,url,https://sculpsure.hdq37v.info/stream/live,phishing/malware campaign using social engineering
2026-09-15,url,https://ucthoator.6jzyi2.info/3EcKin4,phishing/malware campaign using social engineering
